chr,position,SNP_ID,Group,Name,reference_base,var_base_qual_25,depth,count_A,count_T,count_C,count_G,avg_mapping_quality_A,avg_mapping_quality_T,avg_mapping_quality_C,avg_mapping_quality_G,avg_basequality_A,avg_basequality_T,avg_basequality_C,avg_basequality_G,A_freq,T_freq,C_freq,G_freq,major_allele_base,minor_allele_base,major_allele_freq,minor_allele_freq,ref_allele_freq,major_allele_is_base
1,145789475,rs12744221,Epilepsy,45_Epilepsy,G,-,2546,0,10,3,2533,0,49.6,60,59.45,0,35.5,30,38.28,0,0.00392772977219167,0.0011783189316575,0.994893951296151,G,T,0.994893951296151,0.00392772977219167,9.948940e-01,TRUE
1,186900940,rs12720541,Epilepsy,118_Epilepsy,G,T,3277,0,592,0,2685,0,60,0,60,0,39.94,0,40.07,0,0.180653036313702,0,0.819346963686298,G,T,0.819346963686298,0.180653036313702,8.193470e-01,TRUE
1,200857641,rs2292096,Epilepsy,119_Epilepsy,A,G,812,368,0,0,444,59.95,0,0,60,40.07,0,0,39.85,0.45320197044335,0,0,0.54679802955665,G,A,0.54679802955665,0.45320197044335,4.532020e-01,FALSE
1,239806797,rs12059546,Epilepsy,120_Epilepsy,A,G,2902,2100,0,0,802,60,0,0,60,40.31,0,0,40.01,0.723638869745003,0,0,0.276361130254997,A,G,0.723638869745003,0.276361130254997,7.236389e-01,TRUE
1,243381524,rs1538774,SZ108,280_SZ108,G,-,2733,0,0,0,2733,0,0,0,59.99,0,0,0,38.79,0,0,0,1,G,NA,1,0,1.000000e+00,TRUE
1,243391802,rs77149735,SZ108,281_SZ108,A,-,6391,6391,0,0,0,60,0,0,0,40.16,0,0,0,1,0,0,0,A,NA,1,0,1.000000e+00,TRUE
1,243445664,rs6703335,SZ108,282_SZ108,C,-,5488,0,1,5487,0,0,60,60,0,0,32,40.45,0,0,0.000182215743440233,0.99981778425656,0,C,T,0.99981778425656,0.000182215743440233,9.998178e-01,TRUE
1,243500590,rs14403,SZ108,283_SZ108,C,-,4144,0,1,4143,0,0,60,60,0,0,41,39.96,0,0,0.000241312741312741,0.999758687258687,0,C,T,0.999758687258687,0.000241312741312741,9.997587e-01,TRUE
1,2455661,rs4648845,SZ108,267_SZ108,T,-,438,0,438,0,0,0,60,0,0,0,39.46,0,0,0,1,0,0,T,NA,1,0,1.000000e+00,TRUE
1,29958712,rs1009080,SZ108,269_SZ108,A,-,17542,17538,0,3,1,60,0,60,60,40.09,0,28.67,41,0.999771975829438,0,0.00017101812792156,5.70060426405199e-05,A,C,0.999771975829438,0.00017101812792156,9.997720e-01,TRUE
1,29961103,rs1498232,SZ108,270_SZ108,A,-,27190,27168,1,11,10,59.99,60,60,60,39.75,32,31.73,31.5,0.999190878999632,3.67782272894446e-05,0.000404560500183891,0.000367782272894446,A,C,0.999190878999632,0.000404560500183891,9.991909e-01,TRUE
1,43634412,rs11210892,SZ108,271_SZ108,C,-,5739,1,0,5738,0,60,0,59.99,0,32,0,40.2,0,0.000174246384387524,0,0.999825753615612,0,C,A,0.999825753615612,0.000174246384387524,9.998258e-01,TRUE
1,73302682,rs12129573,SZ108,272_SZ108,G,-,530,0,0,0,530,0,0,0,60,0,0,0,40.13,0,0,0,1,G,NA,1,0,1.000000e+00,TRUE
1,73359225,rs10789369,SZ108,273_SZ108,C,-,3802,3,1,3797,1,60,60,59.99,60,33.67,41,40.01,27,0.000789058390320884,0.000263019463440295,0.998684902682799,0.000263019463440295,C,A,0.998684902682799,0.000789058390320884,9.986849e-01,TRUE
1,8362615,rs2252865,SZ108,268_SZ108,A,-,28541,28534,2,0,5,60,60,0,60,40.11,24.5,0,35.4,0.999754738796819,7.00746294803966e-05,0,0.000175186573700992,A,G,0.999754738796819,0.000175186573700992,9.997547e-01,TRUE
1,98037377,rs1625579,SZ108,275_SZ108,T,-,1581,0,1579,1,1,0,60,60,60,0,40.43,41,27,0,0.998734977862113,0.000632511068943707,0.000632511068943707,T,NA,0.998734977862113,0.000632511068943707,9.987350e-01,TRUE
1,98087275,rs1198588,SZ108,276_SZ108,A,-,2126,2125,0,0,1,60,0,0,60,40.35,0,0,37,0.999529633113829,0,0,0.000470366886171214,A,G,0.999529633113829,0.000470366886171214,9.995296e-01,TRUE
10,103146453,rs11191580,SZ108,354_SZ108,A,-,98,98,0,0,0,60,0,0,0,40.74,0,0,0,1,0,0,0,A,NA,1,0,1.000000e+00,TRUE
10,18445598,rs17691888,SZ108,348_SZ108,C,-,1985,0,0,1984,0,0,0,60,0,0,0,40.29,0,0,0,0.999496221662469,0,C,NA,0.999496221662469,0,9.994962e-01,TRUE
10,18456175,rs7893279,SZ108,349_SZ108,T,-,15298,0,15294,4,0,0,59.98,60,0,0,40.21,39,0,0,0.999738527912145,0.000261472087854622,0,T,C,0.999738527912145,0.000261472087854622,9.997385e-01,TRUE
10,60586879,rs16915157,SZ108,350_SZ108,A,-,5058,5056,0,0,2,60,0,0,60,40.3,0,0,36.5,0.999604586793199,0,0,0.000395413206801107,A,G,0.999604586793199,0.000395413206801107,9.996046e-01,TRUE
11,102724404,rs1939012,Epilepsy,42_Epilepsy,T,C,2258,0,2051,207,0,0,60,60,0,0,40.02,39.76,0,0,0.908325952170062,0.091674047829938,0,T,C,0.908325952170062,0.091674047829938,9.083260e-01,TRUE
11,109507344,rs12421382,SZ108,358_SZ108,A,-,4724,4721,0,2,1,60,0,60,60,39.12,0,27,22,0.999364944961897,0,0.000423370025402202,0.000211685012701101,A,C,0.999364944961897,0.000423370025402202,9.993649e-01,TRUE
11,113522271,rs2514218,SZ108,359_SZ108,G,-,606,0,0,0,606,0,0,0,60,0,0,0,40.03,0,0,0,1,G,NA,1,0,1.000000e+00,TRUE
11,123523927,rs77502336,SZ108,360_SZ108,G,-,709,0,0,0,709,0,0,0,60,0,0,0,40.16,0,0,0,1,G,NA,1,0,1.000000e+00,TRUE
11,124744060,rs55661361,SZ108,361_SZ108,C,-,1621,0,0,1621,0,0,0,60,0,0,0,40.44,0,0,0,1,0,C,NA,1,0,1.000000e+00,TRUE
11,125591813,rs548181,SZ108,362_SZ108,G,-,25581,0,0,1,25580,0,0,60,60,0,0,22,40.49,0,0,3.90915132324772e-05,0.999960908486768,G,C,0.999960908486768,3.90915132324772e-05,9.999609e-01,TRUE
11,130848734,rs10791097,SZ108,363_SZ108,A,-,3673,3672,0,1,0,59.99,0,60,0,39.98,0,22,0,0.999727742989382,0,0.000272257010618023,0,A,C,0.999727742989382,0.000272257010618023,9.997277e-01,TRUE
11,130947683,rs7940866,SZ108,364_SZ108,C,-,2396,0,0,2396,0,0,0,60,0,0,0,39.99,0,0,0,1,0,C,NA,1,0,1.000000e+00,TRUE
11,130960852,rs10894294,SZ108,365_SZ108,T,-,6858,0,6853,4,1,0,60,59,60,0,40.35,41,22,0,0.999270924467775,0.000583260425780111,0.000145815106445028,T,C,0.999270924467775,0.000583260425780111,9.992709e-01,TRUE
11,133952673,rs75059851,SZ108,366_SZ108,T,-,13737,1,13732,4,0,60,60,60,0,27,39.7,30.5,0,7.27960981291403e-05,0.999636019509354,0.000291184392516561,0,T,C,0.999636019509354,0.000291184392516561,9.996360e-01,TRUE
11,17138600,rs4356203,SZ108,355_SZ108,C,-,2734,1,1,2731,1,60,60,60,60,27,41,39.39,22,0.000365764447695684,0.000365764447695684,0.998902706656913,0.000365764447695684,C,NA,0.998902706656913,0.000365764447695684,9.989027e-01,TRUE
11,24382073,rs11027857,SZ108,356_SZ108,A,-,3022,3021,0,1,0,60,0,60,0,40.15,0,32,0,0.999669093315685,0,0.000330906684315023,0,A,C,0.999669093315685,0.000330906684315023,9.996691e-01,TRUE
11,57742821,rs9420,SZ108,357_SZ108,C,-,5840,0,0,5840,0,0,0,60,0,0,0,40.25,0,0,0,1,0,C,NA,1,0,1.000000e+00,TRUE
12,103202676,rs10860964,SZ108,370_SZ108,C,-,7065,1,0,7063,1,60,0,60,60,32,0,40.26,27,0.000141542816702052,0,0.999716914366596,0.000141542816702052,C,NA,0.999716914366596,0.000141542816702052,9.997169e-01,TRUE
12,121795289,bvb42,NCASD,246_NCASD,T,-,9150,0,9149,1,0,0,60,60,0,0,39.39,22,0,0,0.999890710382514,0.000109289617486339,0,T,C,0.999890710382514,0.000109289617486339,9.998907e-01,TRUE
12,123180565,rs2851447,SZ108,372_SZ108,A,-,4087,4087,0,0,0,60,0,0,0,40.25,0,0,0,1,0,0,0,A,NA,1,0,1.000000e+00,TRUE
12,123246875,rs11532322,SZ108,373_SZ108,C,-,1065,0,0,1065,0,0,0,59.54,0,0,0,39.52,0,0,0,1,0,C,NA,1,0,1.000000e+00,TRUE
12,2222406,rs10848642,CACNA1C,1_CACNA1C,A,G,398,20,0,0,378,60,0,0,60,38.95,0,0,40.29,0.050251256281407,0,0,0.949748743718593,G,A,0.949748743718593,0.050251256281407,5.025126e-02,FALSE
12,2223227,rs4765904,CACNA1C,2_CACNA1C,A,C,12880,5538,0,7341,1,60,0,59.99,60,40.35,0,40.29,41,0.429968944099379,0,0.569953416149068,7.7639751552795e-05,C,A,0.569953416149068,0.429968944099379,4.299689e-01,FALSE
12,2223629,rs1108221,CACNA1C,2_CACNA1C,A,T,14371,6486,7883,1,1,60,60,60,60,40.07,40.23,37,22,0.451325586250087,0.548535244589799,6.95845800570594e-05,6.95845800570594e-05,T,A,0.548535244589799,0.451325586250087,4.513256e-01,FALSE
12,2223690,rs1108222,CACNA1C,2_CACNA1C,C,A,11458,6271,0,5187,0,59.99,0,60,0,39.8,0,40.19,0,0.547303194274742,0,0.452696805725257,0,A,C,0.547303194274742,0.452696805725257,4.526968e-01,FALSE
12,2224505,rs1108075,CACNA1C,3_CACNA1C,G,A,11364,5226,0,3,6135,59.99,0,55,60,39.63,0,23.67,40.18,0.45987328405491,0,0.000263991552270327,0.539862724392819,G,A,0.539862724392819,0.45987328405491,5.398627e-01,TRUE
12,2225094,rs11062166,CACNA1C,3_CACNA1C,G,A,12030,5668,0,0,6362,60,0,0,60,40.04,0,0,40.21,0.47115544472153,0,0,0.528844555278471,G,A,0.528844555278471,0.47115544472153,5.288446e-01,TRUE
12,2231632,rs34382810,CACNA1C,4_CACNA1C,A,C,5191,581,0,4609,1,60,0,59.99,60,40.01,0,40.09,22,0.111924484685032,0,0.887882874205355,0.000192641109612791,C,A,0.887882874205355,0.111924484685032,1.119245e-01,FALSE
12,2232219,rs7965923,CACNA1C,4_CACNA1C,C,A,1838,1401,50,381,0,58.64,59.34,59.17,0,38.48,27.3,37.42,0,0.762241566920566,0.0272034820457018,0.207290533188248,0,A,C,0.762241566920566,0.207290533188248,2.072905e-01,FALSE
12,2235478,rs769087,CACNA1C,5_CACNA1C,G,A,18219,10098,0,0,8121,60,0,0,60,40.15,0,0,40.11,0.554256545364729,0,0,0.445743454635271,A,G,0.554256545364729,0.445743454635271,4.457435e-01,FALSE
12,2235794,rs2007044,CACNA1C,5_CACNA1C,A,G,27880,11385,0,2,16491,60,0,60,60,40.33,0,24.5,40.43,0.408357245337159,0,7.17360114777618e-05,0.591499282639885,G,A,0.591499282639885,0.408357245337159,4.083572e-01,FALSE
12,2236129,rs1006737,CACNA1C,5_CACNA1C,G,A,20002,11177,0,1,8822,59.99,0,60,60,40.35,0,22,40.39,0.558794120587941,0,4.999500049995e-05,0.441055894410559,A,G,0.558794120587941,0.441055894410559,4.410559e-01,FALSE
12,2237227,rs2159100,CACNA1C,6_CACNA1C,C,T,10765,3,3640,7121,1,60,59.99,59.99,60,22,40.4,40.44,37,0.000278680910357641,0.338132837900604,0.661495587552253,9.28936367858802e-05,C,T,0.661495587552253,0.338132837900604,6.614956e-01,TRUE
12,2237664,rs12315711,CACNA1C,6_CACNA1C,T,A,10348,3866,6479,1,1,59.99,60,60,60,39.95,39.96,32,22,0.373598763045999,0.62611132586007,9.66370313103981e-05,9.66370313103981e-05,T,A,0.62611132586007,0.373598763045999,6.261113e-01,TRUE
12,2239678,rs11062170,CACNA1C,7_CACNA1C,G,C,4595,0,0,1050,3545,0,0,59.99,60,0,0,40.05,39.66,0,0,0.228509249183896,0.771490750816104,G,C,0.771490750816104,0.228509249183896,7.714908e-01,TRUE
12,2240418,rs4765905,CACNA1C,7_CACNA1C,G,C,10403,0,0,5045,5358,0,0,59.99,60,0,0,40.21,40.36,0,0,0.484956262616553,0.515043737383447,G,C,0.515043737383447,0.484956262616553,5.150437e-01,TRUE
12,2246640,rs7297582,CACNA1C,8_CACNA1C,C,T,37158,0,14839,22316,3,0,60,60,60,0,40.14,40.21,22,0,0.39934872705743,0.600570536627375,8.07363151945745e-05,C,T,0.600570536627375,0.39934872705743,6.005705e-01,TRUE
12,2252294,rs758170,CACNA1C,9_CACNA1C,C,T,18542,0,7209,11330,3,0,60,60,60,0,40.08,40.11,25.33,0,0.388793010462733,0.611045194693129,0.000161794844137633,C,T,0.611045194693129,0.388793010462733,6.110452e-01,TRUE
12,2259230,rs2370414,CACNA1C,10_CACNA1C,A,G,684,187,0,0,497,60,0,0,60,37.35,0,0,39.72,0.273391812865497,0,0,0.726608187134503,G,A,0.726608187134503,0.273391812865497,2.733918e-01,FALSE
12,2259508,rs10774035,CACNA1C,10_CACNA1C,C,T,2189,0,1512,677,0,0,60,60,0,0,39.82,39.81,0,0,0.690726359068068,0.309273640931932,0,T,C,0.690726359068068,0.309273640931932,3.092736e-01,FALSE
12,2264964,rs2239038,CACNA1C,11_CACNA1C,G,A,20926,12707,0,9,8208,60,0,60,60,39.8,0,33.89,40.26,0.607235018637102,0,0.000430086973143458,0.392239319506834,A,G,0.607235018637102,0.392239319506834,3.922393e-01,FALSE
12,2274839,rs2238057,CACNA1C,12_CACNA1C,T,G,17655,2,2687,2,14964,60,60,60,60,41,39.68,39,40.17,0.00011328235627301,0.15219484565279,0.00011328235627301,0.847578589634664,G,T,0.847578589634664,0.15219484565279,1.521948e-01,FALSE
12,2277782,rs10774036,CACNA1C,13_CACNA1C,C,T,17896,1,4117,13778,0,60,60,60,0,27,40.2,40.32,0,5.58784085829236e-05,0.230051408135896,0.769892713455521,0,C,T,0.769892713455521,0.230051408135896,7.698927e-01,TRUE
12,2277933,rs10744560,CACNA1C,13_CACNA1C,C,T,19905,0,12884,7021,0,0,60,60,0,0,40.19,40.24,0,0,0.647274554132128,0.352725445867872,0,T,C,0.647274554132128,0.352725445867872,3.527254e-01,FALSE
12,2285615,rs12311439,CACNA1C,14_CACNA1C,A,T,23552,21618,1929,2,2,60,60,60,60,40.24,40.15,31.5,41,0.917883831521739,0.0819038722826087,8.49184782608696e-05,8.49184782608696e-05,A,T,0.917883831521739,0.0819038722826087,9.178838e-01,TRUE
12,2293080,rs1024582,CACNA1C,15_CACNA1C,A,G,18304,640,2,0,17662,60,60,0,60,38.85,29.5,0,39.48,0.034965034965035,0.000109265734265734,0,0.964925699300699,G,A,0.964925699300699,0.034965034965035,3.496503e-02,FALSE
12,2299028,rs4298967,CACNA1C,16_CACNA1C,A,G,13299,2405,1,0,10893,60,60,0,60,40.21,22,0,40.31,0.180840664711632,7.51936235807204e-05,0,0.819084141664787,G,A,0.819084141664787,0.180840664711632,1.808407e-01,FALSE
12,2310730,rs4765913,CACNA1C,17_CACNA1C,A,T,1093,1005,86,0,2,60,60,0,60,40.16,40.63,0,41,0.919487648673376,0.0786825251601098,0,0.00182982616651418,A,T,0.919487648673376,0.0786825251601098,9.194876e-01,TRUE
12,2311211,rs4765914,CACNA1C,17_CACNA1C,T,C,1907,0,1757,150,0,0,60,60,0,0,39.93,40.44,0,0,0.921342422653382,0.0786575773466177,0,T,C,0.921342422653382,0.0786575773466177,9.213424e-01,TRUE
12,2311360,rs10774037,CACNA1C,17_CACNA1C,G,A,1653,138,0,0,1515,60,0,0,60,39.91,0,0,40.3,0.0834845735027223,0,0,0.916515426497278,G,A,0.916515426497278,0.0834845735027223,9.165154e-01,TRUE
12,2408721,rs35407591,CACNA1C,18_CACNA1C,G,A,10251,7020,1,0,3230,59.99,60,0,60,40.36,22,0,40.14,0.684811237928007,9.7551458394303e-05,0,0.315091210613599,A,G,0.684811237928007,0.315091210613599,3.150912e-01,FALSE
12,2409186,rs4765929,CACNA1C,18_CACNA1C,T,C,17597,4,5514,12076,3,60,60,60,60,32.75,40.37,40.34,36.33,0.000227311473546627,0.313348866284026,0.686253338637268,0.00017048360515997,C,T,0.686253338637268,0.313348866284026,3.133489e-01,FALSE
12,2409304,rs12422833,CACNA1C,18_CACNA1C,T,A,16089,11679,4402,3,5,60,60,60,60,40.37,40.38,27,36.4,0.725899683013239,0.273603082851638,0.000186462800671266,0.00031077133445211,A,T,0.725899683013239,0.273603082851638,2.736031e-01,FALSE
12,2409963,rs10774042,CACNA1C,19_CACNA1C,T,C,24347,1,17097,7249,0,60,60,59.99,0,22,39.16,40.3,0,4.10728221136074e-05,0.702222039676346,0.29773688750154,0,T,C,0.702222039676346,0.29773688750154,7.022220e-01,TRUE
12,2409975,rs11062217,CACNA1C,19_CACNA1C,G,A,25582,7211,1,3,18367,60,60,60,60,39.65,37,30,39.98,0.281877882886405,3.90899851458056e-05,0.000117269955437417,0.717965757173012,G,A,0.717965757173012,0.281877882886405,7.179658e-01,TRUE
12,2410192,rs11062218,CACNA1C,19_CACNA1C,C,T,24754,0,3515,21238,1,0,60,60,60,0,40.15,40.37,22,0,0.141997252969217,0.85796234951927,4.03975115132908e-05,C,T,0.85796234951927,0.141997252969217,8.579623e-01,TRUE
12,2410249,rs66715687,CACNA1C,19_CACNA1C,A,C,25890,19177,0,6704,9,60,0,60,60,40.01,0,40.31,32.56,0.740710699111626,0,0.258941676322905,0.000347624565469293,A,C,0.740710699111626,0.258941676322905,7.407107e-01,TRUE
12,2410250,rs36113146,CACNA1C,19_CACNA1C,C,T,25943,0,3305,22636,2,0,59.99,60,60,0,40.15,40.18,31.5,0,0.127394672936823,0.87252823497668,7.70920864973211e-05,C,T,0.87252823497668,0.127394672936823,8.725282e-01,TRUE
12,2410250,rs11062219,CACNA1C,19_CACNA1C,C,T,25943,0,3305,22636,2,0,59.99,60,60,0,40.15,40.18,31.5,0,0.127394672936823,0.87252823497668,7.70920864973211e-05,C,T,0.87252823497668,0.127394672936823,8.725282e-01,TRUE
12,2411287,rs58017093,CACNA1C,20_CACNA1C,C,A,21079,4002,4,17072,1,60,60,60,60,40.03,36.25,40.1,37,0.189857203852175,0.00018976232269083,0.809905593244461,4.74405806727074e-05,C,A,0.809905593244461,0.189857203852175,8.099056e-01,TRUE
12,2411372,rs35167730,CACNA1C,20_CACNA1C,T,C,22796,0,18153,4641,2,0,60,60,60,0,39.83,39.96,29.5,0,0.796323916476575,0.203588348833129,8.77346902965433e-05,T,C,0.796323916476575,0.203588348833129,7.963239e-01,TRUE
12,2411714,rs2887781,CACNA1C,20_CACNA1C,T,G,20524,1,16397,4,4122,60,60,60,60,27,40.01,36.25,40.15,4.87234457220815e-05,0.79891833950497,0.000194893782888326,0.20083804326642,T,G,0.79891833950497,0.20083804326642,7.989183e-01,TRUE
12,2412413,rs55935819,CACNA1C,21_CACNA1C,G,A,13094,3141,0,1,9951,60,0,60,60,40.35,0,22,40.53,0.239880861463266,0,7.63708568810142e-05,0.759966396822972,G,A,0.759966396822972,0.239880861463266,7.599664e-01,TRUE
12,2412486,rs56144200,CACNA1C,21_CACNA1C,C,T,13590,1,3303,10286,0,60,59.98,60,0,41,40.09,40.36,0,7.35835172921266e-05,0.243046357615894,0.756880058866814,0,C,T,0.756880058866814,0.243046357615894,7.568801e-01,TRUE
12,2412646,rs17223841,CACNA1C,21_CACNA1C,A,G,7639,5679,0,3,1957,60,0,60,60,39.82,0,33.33,40.04,0.743421913863071,0,0.000392721560413667,0.256185364576515,A,G,0.743421913863071,0.256185364576515,7.434219e-01,TRUE
12,2412911,rs35124400,CACNA1C,21_CACNA1C,C,T,6605,0,1570,5035,0,0,59.99,60,0,0,40.17,40.2,0,0,0.237698713096139,0.762301286903861,0,C,T,0.762301286903861,0.237698713096139,7.623013e-01,TRUE
12,2413815,rs7311607,CACNA1C,22_CACNA1C,A,G,10000,7962,0,0,2035,60,0,0,60,40.26,0,0,40.17,0.7962,0,0,0.2035,A,G,0.7962,0.2035,7.962000e-01,TRUE
12,2414068,rs146014566,CACNA1C,22_CACNA1C,G,-,17922,3,1,1,17917,60,60,55,60,36.33,27,22,40.04,0.00016739203213927,5.57973440464234e-05,5.57973440464234e-05,0.999721013279768,G,A,0.999721013279768,0.00016739203213927,9.997210e-01,TRUE
12,2414128,rs146651349,CACNA1C,22_CACNA1C,A,-,19941,19871,0,68,2,60,0,60,60,40.23,0,35.25,36.5,0.996489644451131,0,0.00341005967604433,0.000100295872824833,A,C,0.996489644451131,0.00341005967604433,9.964896e-01,TRUE
12,2414189,rs7312105,CACNA1C,22_CACNA1C,A,G,19437,15367,0,3,4067,60,0,60,60,40.2,0,23.67,40.15,0.790605546123373,0,0.000154344806297268,0.20924010907033,A,G,0.790605546123373,0.20924010907033,7.906055e-01,TRUE
12,2414204,rs7312107,CACNA1C,22_CACNA1C,A,G,19048,15224,0,2,3822,60,0,60,60,40.21,0,24.5,40.22,0.799244015119698,0,0.000104997900041999,0.20065098698026,A,G,0.799244015119698,0.20065098698026,7.992440e-01,TRUE
12,2414531,rs34533190,CACNA1C,22_CACNA1C,C,G,11324,1,3,8323,2997,60,60,59.99,60,32,31.67,40.22,40.12,8.83080183680678e-05,0.000264924055104203,0.734987636877429,0.264659131049099,C,G,0.734987636877429,0.264659131049099,7.349876e-01,TRUE
12,2414606,rs16929368,CACNA1C,22_CACNA1C,T,A,9090,1685,7404,1,0,60,60,60,0,40.44,40.41,27,0,0.185368536853685,0.814521452145215,0.00011001100110011,0,T,A,0.814521452145215,0.185368536853685,8.145215e-01,TRUE
12,29764331,rs679087,SZ108,367_SZ108,A,-,2960,2958,0,0,2,60,0,0,60,39.87,0,0,32,0.999324324324324,0,0,0.000675675675675676,A,G,0.999324324324324,0.000675675675675676,9.993243e-01,TRUE
12,57228587,rs12826178,SZ108,368_SZ108,A,-,1721,1721,0,0,0,60,0,0,0,39.53,0,0,0,1,0,0,0,A,NA,1,0,1.000000e+00,TRUE
12,91853009,rs4240748,SZ108,369_SZ108,G,-,144,0,0,0,144,0,0,0,60,0,0,0,37.19,0,0,0,1,G,NA,1,0,1.000000e+00,TRUE
14,103580496,rs12887734,SZ108,377_SZ108,G,-,1593,0,0,0,1588,0,0,0,59.95,0,0,0,38.61,0,0,0,0.996861268047709,G,NA,0.996861268047709,0,9.968613e-01,TRUE
14,29721109,rs2068012,SZ108,374_SZ108,G,-,1464,0,3,0,1461,0,60,0,60,0,27,0,39.69,0,0.00204918032786885,0,0.997950819672131,G,T,0.997950819672131,0.00204918032786885,9.979508e-01,TRUE
14,71950608,rs2332700,SZ108,375_SZ108,A,-,4264,4264,0,0,0,59.99,0,0,0,40.46,0,0,0,1,0,0,0,A,NA,1,0,1.000000e+00,TRUE
14,99252881,rs2693698,SZ108,376_SZ108,G,-,14222,0,0,0,14222,0,0,0,60,0,0,0,40.12,0,0,0,1,G,NA,1,0,1.000000e+00,TRUE
15,30606129,rs143536437,Epilepsy,29_Epilepsy,C,T,14615,0,1217,13397,1,0,42.99,43.28,43,0,39.15,39.93,22,0,0.0832706123845364,0.916660964762231,6.84228532329798e-05,C,T,0.916660964762231,0.0832706123845364,9.166610e-01,TRUE
15,40275035,rs56205728,SZ108,378_SZ108,C,-,5467,0,0,5467,0,0,0,60,0,0,0,40.19,0,0,0,1,0,C,NA,1,0,1.000000e+00,TRUE
15,61547903,rs4775413,SZ108,380_SZ108,G,-,7142,0,0,1,7141,0,0,60,60,0,0,22,39.87,0,0,0.000140016802016242,0.999859983197984,G,C,0.999859983197984,0.000140016802016242,9.998600e-01,TRUE
15,61562463,rs12903146,SZ108,381_SZ108,G,-,9712,1,0,0,9711,60,0,0,60,41,0,0,40,0.000102965403624382,0,0,0.999897034596376,G,A,0.999897034596376,0.000102965403624382,9.998970e-01,TRUE
15,70296932,rs12148337,SZ108,382_SZ108,T,-,10448,0,10447,1,0,0,59.99,60,0,0,39.77,27,0,0,0.999904287901991,9.57120980091884e-05,0,T,C,0.999904287901991,9.57120980091884e-05,9.999043e-01,TRUE
15,84037708,rs950169,SZ108,384_SZ108,A,-,9477,9476,0,0,1,59.99,0,0,60,40.16,0,0,32,0.999894481375963,0,0,0.000105518624037143,A,G,0.999894481375963,0.000105518624037143,9.998945e-01,TRUE
15,98580836,bvb28,NCASD,247_NCASD,G,-,12191,2,2,0,12187,60,60,0,60,29.5,41,0,40.48,0.000164055450742351,0.000164055450742351,0,0.999671889098515,G,NA,0.999671889098515,0.000164055450742351,9.996719e-01,TRUE
16,13455583,mw22,NCASD,248_NCASD,A,-,1063,1063,0,0,0,60,0,0,0,40.4,0,0,0,1,0,0,0,A,NA,1,0,1.000000e+00,TRUE
16,13656001,rs7405404,SZ108,387_SZ108,T,-,640,0,640,0,0,0,60,0,0,0,40.01,0,0,0,1,0,0,T,NA,1,0,1.000000e+00,TRUE
16,68155436,rs8044995,SZ108,390_SZ108,T,-,3594,0,3593,1,0,0,59.99,60,0,0,40.23,41,0,0,0.999721758486366,0.000278241513633834,0,T,C,0.999721758486366,0.000278241513633834,9.997218e-01,TRUE
16,6859669,SNDHS216863,NCASD,177_NCASD,A,-,10293,10293,0,0,0,60,0,0,0,39.97,0,0,0,1,0,0,0,A,NA,1,0,1.000000e+00,TRUE
16,6860109,SNDHS216864,NCASD,177_NCASD,T,-,24436,0,24433,1,2,0,60,60,60,0,40.33,22,32,0,0.999877230315927,4.09232280242265e-05,8.18464560484531e-05,T,G,0.999877230315927,8.18464560484531e-05,9.998772e-01,TRUE
16,6860329,SNDHS216865,NCASD,178_NCASD,T,-,18685,0,18683,2,0,0,60,60,0,0,40.33,41,0,0,0.9998929622692,0.000107037730800107,0,T,C,0.9998929622692,0.000107037730800107,9.998930e-01,TRUE
16,6861769,SNDHS216866,NCASD,179_NCASD,C,-,3822,0,0,3820,2,0,0,59.87,60,0,0,40.22,22,0,0,0.999476713762428,0.000523286237571952,C,G,0.999476713762428,0.000523286237571952,9.994767e-01,TRUE
16,6862249,SNDHS216867,NCASD,180_NCASD,G,-,7837,1,0,0,7836,60,0,0,60,22,0,0,40.07,0.000127599846880184,0,0,0.99987240015312,G,A,0.99987240015312,0.000127599846880184,9.998724e-01,TRUE
16,6862429,SNDHS216868,NCASD,180_NCASD,C,-,6811,1,1,6809,0,60,60,60,0,27,37,40.33,0,0.00014682131845544,0.00014682131845544,0.999706357363089,0,C,NA,0.999706357363089,0.00014682131845544,9.997064e-01,TRUE
16,6863389,SNDHS216869,NCASD,181_NCASD,G,-,1753,0,2,0,1751,0,60,0,60,0,41,0,40.09,0,0.00114090131203651,0,0.998859098687964,G,T,0.998859098687964,0.00114090131203651,9.988591e-01,TRUE
16,6869909,SNDHS216870,NCASD,182_NCASD,C,-,11232,0,1,11231,0,0,60,60,0,0,37,40.35,0,0,8.9031339031339e-05,0.999910968660969,0,C,T,0.999910968660969,8.9031339031339e-05,9.999110e-01,TRUE
16,6870409,SNDHS216871,NCASD,182_NCASD,T,-,8644,1,8640,3,0,60,60,60,0,22,40.21,36.67,0,0.00011568718186025,0.999537251272559,0.00034706154558075,0,T,C,0.999537251272559,0.00034706154558075,9.995373e-01,TRUE
16,6878089,SNDHS216872,NCASD,183_NCASD,T,-,10130,0,10127,3,0,0,60,60,0,0,40.3,25.33,0,0,0.999703849950642,0.000296150049358342,0,T,C,0.999703849950642,0.000296150049358342,9.997038e-01,TRUE
16,6883709,SNDHS216873,NCASD,184_NCASD,A,-,7181,7177,1,1,2,60,60,60,60,40.1,22,27,41,0.999442974516084,0.000139256370978972,0.000139256370978972,0.000278512741957945,A,G,0.999442974516084,0.000278512741957945,9.994430e-01,TRUE
16,6884269,SNDHS216874,NCASD,185_NCASD,C,-,20635,2,1,20632,0,60,60,60,0,22,41,40.37,0,9.69227041434456e-05,4.84613520717228e-05,0.999854615943785,0,C,A,0.999854615943785,9.69227041434456e-05,9.998546e-01,TRUE
16,6888429,SNDHS216875,NCASD,186_NCASD,T,-,5151,0,5149,0,2,0,59.99,0,60,0,39.97,0,27,0,0.99961172587847,0,0.0003882741215298,T,G,0.99961172587847,0.0003882741215298,9.996117e-01,TRUE
16,6888869,SNDHS216876,NCASD,186_NCASD,C,-,3430,0,0,3430,0,0,0,60,0,0,0,39.47,0,0,0,1,0,C,NA,1,0,1.000000e+00,TRUE
16,6891789,SNDHS216877,NCASD,187_NCASD,C,-,14730,2,1,14727,0,60,60,60,0,22,32,40.32,0,0.000135777325186694,6.78886625933469e-05,0.99979633401222,0,C,A,0.99979633401222,0.000135777325186694,9.997963e-01,TRUE
16,6892069,SNDHS216878,NCASD,187_NCASD,A,-,13025,13020,1,1,3,60,60,60,60,40.16,22,22,33.33,0.999616122840691,7.67754318618042e-05,7.67754318618042e-05,0.000230326295585413,A,G,0.999616122840691,0.000230326295585413,9.996161e-01,TRUE
16,6893349,SNDHS216879,NCASD,188_NCASD,C,-,9410,1,0,9409,0,60,0,60,0,27,0,40.4,0,0.000106269925611052,0,0.999893730074389,0,C,A,0.999893730074389,0.000106269925611052,9.998937e-01,TRUE
16,6893609,SNDHS216880,NCASD,188_NCASD,T,-,6887,1,6883,3,0,60,60,60,0,41,40.27,36.33,0,0.000145201103528387,0.999419195585886,0.00043560331058516,0,T,C,0.999419195585886,0.00043560331058516,9.994192e-01,TRUE
16,6895029,SNDHS216881,NCASD,189_NCASD,C,-,3551,0,0,3549,2,0,0,60,60,0,0,40.36,41,0,0,0.99943677837229,0.000563221627710504,C,G,0.99943677837229,0.000563221627710504,9.994368e-01,TRUE
16,6897829,SNDHS216882,NCASD,190_NCASD,T,-,12445,0,12441,4,0,0,59.99,60,0,0,39.56,35.25,0,0,0.999678585777421,0.000321414222579349,0,T,C,0.999678585777421,0.000321414222579349,9.996786e-01,TRUE
16,6901109,SNDHS216883,NCASD,191_NCASD,T,-,18683,1,18679,1,2,60,60,60,60,41,40.45,41,24.5,5.35245945511963e-05,0.999785901621795,5.35245945511963e-05,0.000107049189102393,T,G,0.999785901621795,0.000107049189102393,9.997859e-01,TRUE
16,6901969,SNDHS216884,NCASD,192_NCASD,G,-,13047,5,0,2,13040,60,0,60,60,35.6,0,24.5,39.93,0.00038322986127079,0,0.000153291944508316,0.999463478194221,G,A,0.999463478194221,0.00038322986127079,9.994635e-01,TRUE
16,6904049,SNDHS216885,NCASD,193_NCASD,A,-,13058,13055,0,2,1,60,0,60,60,40.1,0,24.5,22,0.999770255781896,0,0.00015316281206923,7.65814060346148e-05,A,C,0.999770255781896,0.00015316281206923,9.997703e-01,TRUE
16,6904949,SNDHS216886,NCASD,194_NCASD,A,-,733,733,0,0,0,60,0,0,0,40.47,0,0,0,1,0,0,0,A,NA,1,0,1.000000e+00,TRUE
16,6905849,SNDHS216887,NCASD,195_NCASD,G,-,18942,0,0,0,18942,0,0,0,60,0,0,0,40.21,0,0,0,1,G,NA,1,0,1.000000e+00,TRUE
16,6906109,SNDHS216888,NCASD,195_NCASD,A,T,12851,12681,167,2,1,59.99,60,60,60,40.48,40.6,34,41,0.986771457474127,0.0129950976577698,0.0001556299120691,7.78149560345498e-05,A,T,0.986771457474127,0.0129950976577698,9.867715e-01,TRUE
16,6912409,SNDHS216889,NCASD,196_NCASD,C,-,2676,0,0,2674,1,0,0,60,60,0,0,40.1,22,0,0,0.999252615844544,0.000373692077727952,C,G,0.999252615844544,0.000373692077727952,9.992526e-01,TRUE
16,6913849,SNDHS216890,NCASD,197_NCASD,T,-,12404,0,12395,4,3,0,60,60,60,0,40.34,35.25,23.67,0,0.999274427603999,0.000322476620445018,0.000241857465333763,T,C,0.999274427603999,0.000322476620445018,9.992744e-01,TRUE
16,6914169,SNDHS216891,NCASD,197_NCASD,T,-,6563,0,6562,1,0,0,60,60,0,0,40.33,32,0,0,0.999847630656712,0.00015236934328813,0,T,C,0.999847630656712,0.00015236934328813,9.998476e-01,TRUE
16,6915249,SNDHS216892,NCASD,198_NCASD,C,-,3799,0,1,3798,0,0,60,60,0,0,27,40.1,0,0,0.000263227165043432,0.999736772834957,0,C,T,0.999736772834957,0.000263227165043432,9.997368e-01,TRUE
16,6928229,SNDHS216896,NCASD,202_NCASD,T,-,12295,0,12292,2,1,0,60,60,60,0,40.34,41,32,0,0.999755998373323,0.000162667751118341,8.13338755591704e-05,T,C,0.999755998373323,0.000162667751118341,9.997560e-01,TRUE
16,6929169,SNDHS216897,NCASD,203_NCASD,T,-,5833,0,5831,1,1,0,60,60,60,0,40.16,32,32,0,0.999657123264187,0.000171438367906738,0.000171438367906738,T,NA,0.999657123264187,0.000171438367906738,9.996571e-01,TRUE
16,6929549,SNDHS216898,NCASD,203_NCASD,T,-,4002,0,4002,0,0,0,60,0,0,0,40.2,0,0,0,1,0,0,T,NA,1,0,1.000000e+00,TRUE
16,6935809,SNDHS216899,NCASD,204_NCASD,T,-,13188,1,13186,1,0,60,60,60,0,27,40.18,41,0,7.58265089475281e-05,0.999848346982105,7.58265089475281e-05,0,T,NA,0.999848346982105,7.58265089475281e-05,9.998483e-01,TRUE
16,6936049,SNDHS216900,NCASD,204_NCASD,G,-,12725,1,0,0,12724,60,0,0,60,41,0,0,40.41,7.85854616895874e-05,0,0,0.99992141453831,G,A,0.99992141453831,7.85854616895874e-05,9.999214e-01,TRUE
16,6936609,SNDHS216901,NCASD,205_NCASD,T,-,2208,0,2205,2,0,0,60,60,0,0,40.2,36.5,0,0,0.998641304347826,0.000905797101449275,0,T,C,0.998641304347826,0.000905797101449275,9.986413e-01,TRUE
16,6946289,SNDHS216902,NCASD,206_NCASD,G,-,10481,0,0,3,10478,0,0,60,60,0,0,34.67,40.14,0,0,0.00028623222974907,0.999713767770251,G,C,0.999713767770251,0.00028623222974907,9.997138e-01,TRUE
16,6949529,SNDHS216905,NCASD,208_NCASD,T,-,10603,1,10599,1,2,60,60,60,60,41,39.37,41,27,9.43129303027445e-05,0.999622748278789,9.43129303027445e-05,0.000188625860605489,T,G,0.999622748278789,0.000188625860605489,9.996227e-01,TRUE
16,6957909,SNDHS216906,NCASD,209_NCASD,G,-,503,0,0,0,503,0,0,0,60,0,0,0,40.05,0,0,0,1,G,NA,1,0,1.000000e+00,TRUE
16,6958069,SNDHS216907,NCASD,209_NCASD,C,-,312,0,0,312,0,0,0,60,0,0,0,40.08,0,0,0,1,0,C,NA,1,0,1.000000e+00,TRUE
16,6958349,SNDHS216908,NCASD,209_NCASD,G,-,251,0,0,0,251,0,0,0,60,0,0,0,40.12,0,0,0,1,G,NA,1,0,1.000000e+00,TRUE
16,6958689,SNDHS216909,NCASD,210_NCASD,C,-,4,0,0,4,0,0,0,60,0,0,0,36.25,0,0,0,1,0,C,NA,1,0,1.000000e+00,TRUE
16,6966009,SNDHS216910,NCASD,211_NCASD,T,-,198,0,198,0,0,0,60,0,0,0,39.84,0,0,0,1,0,0,T,NA,1,0,1.000000e+00,TRUE
16,6968349,SNDHS216911,NCASD,212_NCASD,C,-,1637,0,0,1636,1,0,0,60,60,0,0,40.29,22,0,0,0.999389126450825,0.000610873549175321,C,G,0.999389126450825,0.000610873549175321,9.993891e-01,TRUE
16,6969849,SNDHS216912,NCASD,213_NCASD,A,-,6175,6172,0,0,3,60,0,0,60,40.28,0,0,41,0.999514170040486,0,0,0.00048582995951417,A,G,0.999514170040486,0.00048582995951417,9.995142e-01,TRUE
16,6971629,SNDHS216913,NCASD,214_NCASD,A,-,5133,5130,0,1,2,60,0,60,60,39.86,0,22,41,0.999415546464056,0,0.000194817845314631,0.000389635690629262,A,G,0.999415546464056,0.000389635690629262,9.994155e-01,TRUE
16,6972109,SNDHS216914,NCASD,215_NCASD,C,-,6941,1,2,6938,0,60,60,59.99,0,22,41,40.22,0,0.000144071459443884,0.000288142918887768,0.999567785621668,0,C,T,0.999567785621668,0.000288142918887768,9.995678e-01,TRUE
16,6973649,SNDHS216915,NCASD,216_NCASD,A,-,564,564,0,0,0,60,0,0,0,39.16,0,0,0,1,0,0,0,A,NA,1,0,1.000000e+00,TRUE
16,6975069,SNDHS216916,NCASD,217_NCASD,A,-,1024,1024,0,0,0,60,0,0,0,39.74,0,0,0,1,0,0,0,A,NA,1,0,1.000000e+00,TRUE
16,6982429,SNDHS216919,NCASD,220_NCASD,G,C,9055,1,0,9054,0,60,0,60,0,37,0,40.2,0,0.000110436223081171,0,0.999889563776919,0,C,A,0.999889563776919,0.000110436223081171,0.000000e+00,FALSE
16,6983349,SNDHS216920,NCASD,221_NCASD,A,-,1650,1650,0,0,0,60,0,0,0,39.46,0,0,0,1,0,0,0,A,NA,1,0,1.000000e+00,TRUE
16,6983669,SNDHS216921,NCASD,221_NCASD,C,-,2395,0,0,2395,0,0,0,60,0,0,0,39.27,0,0,0,1,0,C,NA,1,0,1.000000e+00,TRUE
16,6993849,SNDHS216922,NCASD,222_NCASD,A,-,2527,2527,0,0,0,60,0,0,0,40.4,0,0,0,1,0,0,0,A,NA,1,0,1.000000e+00,TRUE
16,6994109,SNDHS216923,NCASD,222_NCASD,C,-,2445,0,0,2444,1,0,0,60,60,0,0,40.19,32,0,0,0.99959100204499,0.000408997955010225,C,G,0.99959100204499,0.000408997955010225,9.995910e-01,TRUE
16,7007209,SNDHS216924,NCASD,223_NCASD,C,-,22501,1,0,22499,1,60,0,60,60,22,0,40.39,22,4.44424692235901e-05,0,0.999911115061553,4.44424692235901e-05,C,NA,0.999911115061553,4.44424692235901e-05,9.999111e-01,TRUE
16,7009429,SNDHS216925,NCASD,224_NCASD,G,-,1923,0,0,0,1923,0,0,0,60,0,0,0,40.27,0,0,0,1,G,NA,1,0,1.000000e+00,TRUE
16,7010249,SNDHS216926,NCASD,225_NCASD,A,-,5415,5414,0,0,1,60,0,0,60,40.4,0,0,32,0.999815327793167,0,0,0.000184672206832872,A,G,0.999815327793167,0.000184672206832872,9.998153e-01,TRUE
16,7013269,SNDHS216927,NCASD,226_NCASD,G,-,7416,0,0,1,7415,0,0,60,60,0,0,41,40.25,0,0,0.000134843581445523,0.999865156418554,G,C,0.999865156418554,0.000134843581445523,9.998652e-01,TRUE
16,7014229,SNDHS216928,NCASD,227_NCASD,G,-,5548,0,0,1,5547,0,0,60,60,0,0,22,40.33,0,0,0.000180245133381399,0.999819754866619,G,C,0.999819754866619,0.000180245133381399,9.998198e-01,TRUE
16,7016909,SNDHS216929,NCASD,228_NCASD,A,-,16490,16485,0,1,4,60,0,60,60,40.11,0,22,35.5,0.999696785930867,0,6.06428138265616e-05,0.000242571255306246,A,G,0.999696785930867,0.000242571255306246,9.996968e-01,TRUE
16,7017589,SNDHS216930,NCASD,229_NCASD,C,G,10585,2,0,10100,483,60,0,60,60,39,0,40.47,40.43,0.000188946622579121,0,0.954180444024563,0.0456306093528578,C,G,0.954180444024563,0.0456306093528578,9.541804e-01,TRUE
16,7025909,SNDHS216931,NCASD,230_NCASD,G,-,6346,1,0,0,6345,60,0,0,60,41,0,0,39.91,0.000157579577686732,0,0,0.999842420422313,G,A,0.999842420422313,0.000157579577686732,9.998424e-01,TRUE
16,7026069,SNDHS216932,NCASD,230_NCASD,T,-,6464,0,6463,1,0,0,59.99,60,0,0,40.03,41,0,0,0.999845297029703,0.00015470297029703,0,T,C,0.999845297029703,0.00015470297029703,9.998453e-01,TRUE
16,7027129,SNDHS216933,NCASD,231_NCASD,T,-,6457,1,6455,1,0,60,60,60,0,32,40.35,41,0,0.000154870682979712,0.999690258634041,0.000154870682979712,0,T,NA,0.999690258634041,0.000154870682979712,9.996903e-01,TRUE
16,7027749,SNDHS216934,NCASD,231_NCASD,T,-,2668,0,2666,0,2,0,60,0,60,0,39.03,0,36.5,0,0.999250374812594,0,0.000749625187406297,T,G,0.999250374812594,0.000749625187406297,9.992504e-01,TRUE
16,7028329,SNDHS216935,NCASD,232_NCASD,C,-,7284,0,1,7283,0,0,60,60,0,0,41,40.09,0,0,0.00013728720483251,0.999862712795167,0,C,T,0.999862712795167,0.00013728720483251,9.998627e-01,TRUE
16,8467743,rs11861787,Epilepsy,25_Epilepsy,A,-,14565,14560,0,4,1,60,0,58.5,60,40.28,0,22,32,0.999656711294198,0,0.000274630964641263,6.86577411603158e-05,A,C,0.999656711294198,0.000274630964641263,9.996567e-01,TRUE
16,9852461,rs9922678,SZ108,386_SZ108,C,-,8359,0,0,8359,0,0,0,60,0,0,0,40.39,0,0,0,1,0,C,NA,1,0,1.000000e+00,TRUE
17,18055087,rs8082590,SZ108,392_SZ108,C,-,3774,0,10,3763,1,0,47.6,59.6,60,0,38.7,38.73,27,0,0.00264970853206147,0.997085320614732,0.000264970853206147,C,T,0.997085320614732,0.00264970853206147,9.970853e-01,TRUE
17,40130601,mw29,NCASD,249_NCASD,A,-,8098,8096,0,1,1,60,0,60,60,40.2,0,22,27,0.99975302543838,0,0.000123487280810077,0.000123487280810077,A,NA,0.99975302543838,0.000123487280810077,9.997530e-01,TRUE
17,48045642,rs72823592,Epilepsy,32_Epilepsy,G,-,3,0,0,0,3,0,0,0,60,0,0,0,41,0,0,0,1,G,NA,1,0,1.000000e+00,TRUE
18,55084785,rs12966547,SZ108,393_SZ108,G,-,1685,0,0,0,1685,0,0,0,60,0,0,0,40.06,0,0,0,1,G,NA,1,0,1.000000e+00,TRUE
18,55085468,rs4801131,SZ108,394_SZ108,A,-,6705,6704,0,0,1,60,0,0,60,40.37,0,0,27,0.999850857568978,0,0,0.000149142431021626,A,G,0.999850857568978,0.000149142431021626,9.998509e-01,TRUE
18,55527729,rs17512836,SZ108,395_SZ108,A,-,1681,1681,0,0,0,60,0,0,0,39.81,0,0,0,1,0,0,0,A,NA,1,0,1.000000e+00,TRUE
18,55532885,rs9636107,SZ108,396_SZ108,A,-,2350,2350,0,0,0,60,0,0,0,39.68,0,0,0,1,0,0,0,A,NA,1,0,1.000000e+00,TRUE
18,55865957,rs72934570,SZ108,397_SZ108,T,-,2370,0,2368,2,0,0,60,60,0,0,40.08,41,0,0,0.99915611814346,0.000843881856540084,0,T,C,0.99915611814346,0.000843881856540084,9.991561e-01,TRUE
19,19362635,rs2905424,SZ108,398_SZ108,G,-,5189,0,0,0,5189,0,0,0,60,0,0,0,39.83,0,0,0,1,G,NA,1,0,1.000000e+00,TRUE
19,19367212,rs2905426,SZ108,399_SZ108,T,-,22620,0,22613,5,2,0,60,60,60,0,40.24,36.4,24.5,0,0.999690539345712,0.0002210433244916,8.84173297966401e-05,T,C,0.999690539345712,0.0002210433244916,9.996905e-01,TRUE
2,144602342,rs10496964,Epilepsy,44_Epilepsy,C,-,4918,0,0,4918,0,0,0,60,0,0,0,40.69,0,0,0,1,0,C,NA,1,0,1.000000e+00,TRUE
2,148301021,SNDHS323128,NCASD,121_NCASD,C,-,2555,0,0,2554,1,0,0,60,60,0,0,39.97,22,0,0,0.999608610567515,0.000391389432485323,C,G,0.999608610567515,0.000391389432485323,9.996086e-01,TRUE
2,148303501,SNDHS323129,NCASD,122_NCASD,T,-,183,0,183,0,0,0,60,0,0,0,40.27,0,0,0,1,0,0,T,NA,1,0,1.000000e+00,TRUE
2,148304121,SNDHS323130,NCASD,123_NCASD,T,-,1541,0,1541,0,0,0,60,0,0,0,40.25,0,0,0,1,0,0,T,NA,1,0,1.000000e+00,TRUE
2,148304481,SNDHS323131,NCASD,123_NCASD,A,-,1576,1576,0,0,0,60,0,0,0,39.33,0,0,0,1,0,0,0,A,NA,1,0,1.000000e+00,TRUE
2,148305941,SNDHS323132,NCASD,124_NCASD,C,-,2164,0,0,2164,0,0,0,60,0,0,0,39.99,0,0,0,1,0,C,NA,1,0,1.000000e+00,TRUE
2,148306281,SNDHS323133,NCASD,125_NCASD,G,-,502,0,0,0,502,0,0,0,60,0,0,0,40.15,0,0,0,1,G,NA,1,0,1.000000e+00,TRUE
2,161989344,rs2909457,SZ108,288_SZ108,C,-,4791,0,1,4789,1,0,60,59.96,60,0,41,40.46,22,0,0.000208724692131079,0.999582550615738,0.000208724692131079,C,NA,0.999582550615738,0.000208724692131079,9.995826e-01,TRUE
2,165401600,SNDHS327275,NCASD,126_NCASD,A,-,5062,5060,1,0,1,60,60,0,60,40.33,41,0,41,0.999604899249309,0.000197550375345713,0,0.000197550375345713,A,NA,0.999604899249309,0.000197550375345713,9.996049e-01,TRUE
2,165402460,SNDHS327276,NCASD,127_NCASD,A,-,3702,3702,0,0,0,60,0,0,0,40.42,0,0,0,1,0,0,0,A,NA,1,0,1.000000e+00,TRUE
2,165406640,SNDHS327277,NCASD,128_NCASD,T,-,3811,0,3811,0,0,0,60,0,0,0,40.29,0,0,0,1,0,0,T,NA,1,0,1.000000e+00,TRUE
2,165410540,SNDHS327278,NCASD,129_NCASD,A,-,1988,1988,0,0,0,60,0,0,0,40.28,0,0,0,1,0,0,0,A,NA,1,0,1.000000e+00,TRUE
2,165420380,SNDHS327279,NCASD,130_NCASD,A,-,4024,4023,0,0,1,60,0,0,60,40.48,0,0,41,0.999751491053678,0,0,0.000248508946322068,A,G,0.999751491053678,0.000248508946322068,9.997515e-01,TRUE
2,165424920,SNDHS327280,NCASD,131_NCASD,A,-,6774,6773,0,0,1,60,0,0,60,40.3,0,0,22,0.999852376734573,0,0,0.000147623265426631,A,G,0.999852376734573,0.000147623265426631,9.998524e-01,TRUE
2,165429240,SNDHS327281,NCASD,132_NCASD,C,-,1068,1,1,1065,1,60,60,59.98,52,22,22,39.05,22,0.000936329588014981,0.000936329588014981,0.997191011235955,0.000936329588014981,C,NA,0.997191011235955,0.000936329588014981,9.971910e-01,TRUE
2,165440660,SNDHS327283,NCASD,134_NCASD,A,-,4217,4217,0,0,0,60,0,0,0,40.31,0,0,0,1,0,0,0,A,NA,1,0,1.000000e+00,TRUE
2,165448160,SNDHS327284,NCASD,135_NCASD,G,-,4091,0,0,0,4091,0,0,0,60,0,0,0,40.38,0,0,0,1,G,NA,1,0,1.000000e+00,TRUE
2,165450480,SNDHS327285,NCASD,136_NCASD,A,-,1403,1403,0,0,0,60,0,0,0,40.13,0,0,0,1,0,0,0,A,NA,1,0,1.000000e+00,TRUE
2,165451980,SNDHS327286,NCASD,137_NCASD,C,-,1457,0,0,1457,0,0,0,60,0,0,0,39.9,0,0,0,1,0,C,NA,1,0,1.000000e+00,TRUE
2,165452700,SNDHS327287,NCASD,138_NCASD,A,-,5080,5080,0,0,0,60,0,0,0,40.58,0,0,0,1,0,0,0,A,NA,1,0,1.000000e+00,TRUE
2,165453140,SNDHS327288,NCASD,138_NCASD,T,-,9239,0,9238,1,0,0,60,60,0,0,40.33,41,0,0,0.999891763177833,0.000108236822166901,0,T,C,0.999891763177833,0.000108236822166901,9.998918e-01,TRUE
2,165453380,SNDHS327289,NCASD,139_NCASD,T,-,5430,0,5429,1,0,0,60,60,0,0,40.19,22,0,0,0.999815837937385,0.000184162062615101,0,T,C,0.999815837937385,0.000184162062615101,9.998158e-01,TRUE
2,165453880,SNDHS327290,NCASD,140_NCASD,A,-,3218,3217,0,1,0,60,0,60,0,40.4,0,32,0,0.999689247980112,0,0.000310752019888129,0,A,C,0.999689247980112,0.000310752019888129,9.996892e-01,TRUE
2,165454040,SNDHS327291,NCASD,140_NCASD,A,-,2454,2454,0,0,0,60,0,0,0,39.97,0,0,0,1,0,0,0,A,NA,1,0,1.000000e+00,TRUE
2,165454280,SNDHS327292,NCASD,140_NCASD,A,-,1276,1276,0,0,0,60,0,0,0,39.94,0,0,0,1,0,0,0,A,NA,1,0,1.000000e+00,TRUE
2,165462500,SNDHS327293,NCASD,141_NCASD,A,-,6770,6770,0,0,0,60,0,0,0,40.27,0,0,0,1,0,0,0,A,NA,1,0,1.000000e+00,TRUE
2,165462940,SNDHS327294,NCASD,141_NCASD,T,-,6476,0,6475,1,0,0,60,60,0,0,40.53,41,0,0,0.999845583693638,0.000154416306361952,0,T,C,0.999845583693638,0.000154416306361952,9.998456e-01,TRUE
2,165463340,SNDHS327295,NCASD,142_NCASD,T,-,506,0,506,0,0,0,60,0,0,0,39.87,0,0,0,1,0,0,T,NA,1,0,1.000000e+00,TRUE
2,165465840,SNDHS327296,NCASD,143_NCASD,C,-,6316,1,2,6312,0,60,60,60,0,27,41,40.35,0,0.000158328055731476,0.000316656111462951,0.999366687777074,0,C,T,0.999366687777074,0.000316656111462951,9.993667e-01,TRUE
2,165467540,SNDHS327297,NCASD,144_NCASD,G,-,544,0,0,0,544,0,0,0,60,0,0,0,40.35,0,0,0,1,G,NA,1,0,1.000000e+00,TRUE
2,165468520,SNDHS327298,NCASD,145_NCASD,A,-,3304,3300,0,1,2,60,0,60,60,40.45,0,27,41,0.998789346246973,0,0.000302663438256659,0.000605326876513317,A,G,0.998789346246973,0.000605326876513317,9.987893e-01,TRUE
2,165468740,SNDHS327299,NCASD,145_NCASD,A,-,1238,1238,0,0,0,60,0,0,0,40.45,0,0,0,1,0,0,0,A,NA,1,0,1.000000e+00,TRUE
2,165469720,SNDHS327300,NCASD,146_NCASD,G,-,1601,1,0,0,1600,60,0,0,60,22,0,0,38.77,0.000624609618988132,0,0,0.999375390381012,G,A,0.999375390381012,0.000624609618988132,9.993754e-01,TRUE
2,165470000,SNDHS327301,NCASD,146_NCASD,T,-,3199,0,3199,0,0,0,60,0,0,0,40.15,0,0,0,1,0,0,T,NA,1,0,1.000000e+00,TRUE
2,165470560,SNDHS327302,NCASD,147_NCASD,A,-,1982,1981,0,1,0,60,0,60,0,39.9,0,32,0,0.99949545913219,0,0.000504540867810293,0,A,C,0.99949545913219,0.000504540867810293,9.994955e-01,TRUE
2,165471040,SNDHS327303,NCASD,148_NCASD,T,-,107,0,107,0,0,0,60,0,0,0,39.77,0,0,0,1,0,0,T,NA,1,0,1.000000e+00,TRUE
2,165471920,SNDHS327304,NCASD,149_NCASD,C,-,1092,3,0,1088,1,60,0,59.98,60,25.33,0,37.07,27,0.00274725274725275,0,0.996336996336996,0.000915750915750916,C,A,0.996336996336996,0.00274725274725275,9.963370e-01,TRUE
2,165472240,SNDHS327305,NCASD,150_NCASD,A,-,575,574,0,0,1,59.95,0,0,60,40.58,0,0,22,0.998260869565217,0,0,0.00173913043478261,A,G,0.998260869565217,0.00173913043478261,9.982609e-01,TRUE
2,165472740,SNDHS327306,NCASD,150_NCASD,T,-,1397,0,1397,0,0,0,60,0,0,0,40.22,0,0,0,1,0,0,T,NA,1,0,1.000000e+00,TRUE
2,165473320,SNDHS327307,NCASD,151_NCASD,A,-,2208,2208,0,0,0,60,0,0,0,40.1,0,0,0,1,0,0,0,A,NA,1,0,1.000000e+00,TRUE
2,165474440,SNDHS327309,NCASD,152_NCASD,A,-,2484,2483,0,0,1,60,0,0,60,40.22,0,0,41,0.999597423510467,0,0,0.000402576489533011,A,G,0.999597423510467,0.000402576489533011,9.995974e-01,TRUE
2,165475020,SNDHS327310,NCASD,153_NCASD,A,-,3451,3450,0,1,0,60,0,60,0,39.4,0,22,0,0.999710228919154,0,0.000289771080846132,0,A,C,0.999710228919154,0.000289771080846132,9.997102e-01,TRUE
2,165475940,SNDHS327311,NCASD,154_NCASD,T,-,6,0,6,0,0,0,60,0,0,0,41,0,0,0,1,0,0,T,NA,1,0,1.000000e+00,TRUE
2,165476360,SNDHS327312,NCASD,155_NCASD,A,-,13017,13013,1,0,3,60,60,0,60,40.28,32,0,32,0.999692709533687,7.68226165783207e-05,0,0.000230467849734962,A,G,0.999692709533687,0.000230467849734962,9.996927e-01,TRUE
2,165476680,SNDHS327313,NCASD,155_NCASD,G,-,15517,0,0,0,15517,0,0,0,60,0,0,0,40.47,0,0,0,1,G,NA,1,0,1.000000e+00,TRUE
2,165476840,SNDHS327314,NCASD,155_NCASD,G,-,12657,1,1,0,12655,60,60,0,60,32,41,0,40.54,7.90076637433831e-05,7.90076637433831e-05,0,0.999841984672513,G,NA,0.999841984672513,7.90076637433831e-05,9.998420e-01,TRUE
2,165478880,SNDHS327315,NCASD,156_NCASD,G,-,4002,0,0,0,4002,0,0,0,60,0,0,0,40.01,0,0,0,1,G,NA,1,0,1.000000e+00,TRUE
2,165497320,SNDHS327316,NCASD,157_NCASD,A,-,3452,3450,1,0,1,60,60,0,60,40.28,22,0,41,0.999420625724218,0.000289687137891078,0,0.000289687137891078,A,NA,0.999420625724218,0.000289687137891078,9.994206e-01,TRUE
2,165497860,SNDHS327317,NCASD,157_NCASD,G,-,8990,0,1,0,8989,0,60,0,59.99,0,37,0,40.32,0,0.000111234705228031,0,0.999888765294772,G,T,0.999888765294772,0.000111234705228031,9.998888e-01,TRUE
2,165498360,SNDHS327318,NCASD,158_NCASD,A,-,7451,7450,0,0,1,60,0,0,60,39.96,0,0,32,0.999865789826869,0,0,0.000134210173131123,A,G,0.999865789826869,0.000134210173131123,9.998658e-01,TRUE
2,165499600,SNDHS327319,NCASD,159_NCASD,C,-,2950,0,0,2950,0,0,0,60,0,0,0,39.93,0,0,0,1,0,C,NA,1,0,1.000000e+00,TRUE
2,165500300,SNDHS327320,NCASD,160_NCASD,A,-,1961,1959,1,1,0,60,60,60,0,40,41,27,0,0.998980112187659,0.000509943906170321,0.000509943906170321,0,A,NA,0.998980112187659,0.000509943906170321,9.989801e-01,TRUE
2,165500540,SNDHS327321,NCASD,160_NCASD,C,-,4727,0,0,4727,0,0,0,59.93,0,0,0,40.15,0,0,0,1,0,C,NA,1,0,1.000000e+00,TRUE
2,165501280,SNDHS327322,NCASD,161_NCASD,T,-,2074,0,2074,0,0,0,60,0,0,0,40.09,0,0,0,1,0,0,T,NA,1,0,1.000000e+00,TRUE
2,165513480,SNDHS327324,NCASD,163_NCASD,A,-,6690,6686,0,0,4,60,0,0,60,39.16,0,0,36.25,0.999402092675635,0,0,0.000597907324364724,A,G,0.999402092675635,0.000597907324364724,9.994021e-01,TRUE
2,165970089,rs1821181,SCN1A,48_SCN1A,G,C,199,2,0,83,114,60,0,60,60,41,0,39.07,39.54,0.0100502512562814,0,0.417085427135678,0.57286432160804,G,C,0.57286432160804,0.417085427135678,5.728643e-01,TRUE
2,165972573,rs67356803,SCN1A,49_SCN1A,G,T,17290,0,8262,2,9026,0,59.84,60,59.75,0,39.1,31.5,39.29,0,0.477848467322152,0.000115673799884326,0.522035858877964,G,T,0.522035858877964,0.477848467322152,5.220359e-01,TRUE
2,165981328,rs12993279,SCN1A,52_SCN1A,A,G,754,84,0,0,670,60,0,0,60,39.4,0,0,40.35,0.111405835543767,0,0,0.888594164456233,G,A,0.888594164456233,0.111405835543767,1.114058e-01,FALSE
2,165982791,rs13001295,SCN1A,53_SCN1A,A,T,1083,549,534,0,0,60,60,0,0,40.33,40.34,0,0,0.506925207756233,0.493074792243767,0,0,A,T,0.506925207756233,0.493074792243767,5.069252e-01,TRUE
2,165983238,rs13033729,SCN1A,53_SCN1A,T,C,2265,0,1181,1084,0,0,59.95,59.94,0,0,38.97,39.17,0,0,0.521412803532009,0.478587196467991,0,T,C,0.521412803532009,0.478587196467991,5.214128e-01,TRUE
2,165988609,rs13006006,SCN1A,54_SCN1A,A,G,20270,7339,0,1,12930,60,0,60,60,40.14,0,41,40.36,0.362062160828811,0,4.93339911198816e-05,0.637888505180069,G,A,0.637888505180069,0.362062160828811,3.620622e-01,FALSE
2,165996544,rs552878,SCN1A,55_SCN1A,T,C,287,0,238,49,0,0,60,60,0,0,40.09,40.57,0,0,0.829268292682927,0.170731707317073,0,T,C,0.829268292682927,0.170731707317073,8.292683e-01,TRUE
2,166000315,rs496571,SCN1A,56_SCN1A,C,-,1000,0,0,1000,0,0,0,60,0,0,0,40.21,0,0,0,1,0,C,NA,1,0,1.000000e+00,TRUE
2,166000950,rs523119,SCN1A,56_SCN1A,C,-,1114,1,0,1113,0,60,0,59.97,0,22,0,35.76,0,0.000897666068222621,0,0.999102333931777,0,C,A,0.999102333931777,0.000897666068222621,9.991023e-01,TRUE
2,166001881,rs12987787,SCN1A,57_SCN1A,T,C,1463,0,946,517,0,0,58.7,59.7,0,0,39.1,40.28,0,0,0.646616541353383,0.353383458646617,0,T,C,0.646616541353383,0.353383458646617,6.466165e-01,TRUE
2,166004968,rs567652,SCN1A,58_SCN1A,G,A,4882,416,0,2,4464,60,0,60,60,40.19,0,24.5,40.34,0.0852109791069234,0,0.000409668168783286,0.914379352724293,G,A,0.914379352724293,0.0852109791069234,9.143794e-01,TRUE
2,166005215,rs504059,SCN1A,58_SCN1A,C,A,2933,252,0,2681,0,60,0,60,0,39.62,0,39.83,0,0.0859188544152745,0,0.914081145584726,0,C,A,0.914081145584726,0.0859188544152745,9.140811e-01,TRUE
2,166011423,rs545238,SCN1A,59_SCN1A,A,C,5277,2503,0,2773,0,60,0,60,0,40.42,0,40.32,0,0.47432253174152,0,0.525487966647716,0,C,A,0.525487966647716,0.47432253174152,4.743225e-01,FALSE
2,166015395,rs577306,SCN1A,60_SCN1A,C,A,1683,925,0,757,1,60,0,60,60,40.4,0,40.33,41,0.549613784907903,0,0.449792038027332,0.0005941770647653,A,C,0.549613784907903,0.449792038027332,4.497920e-01,FALSE
2,166016789,rs565348,SCN1A,61_SCN1A,A,-,2061,2061,0,0,0,60,0,0,0,40.16,0,0,0,1,0,0,0,A,NA,1,0,1.000000e+00,TRUE
2,166020319,rs495681,SCN1A,62_SCN1A,C,T,3248,0,305,2943,0,0,60,59.99,0,0,39.72,39.66,0,0,0.0939039408866995,0.9060960591133,0,C,T,0.9060960591133,0.0939039408866995,9.060961e-01,TRUE
2,166020327,rs507193,SCN1A,62_SCN1A,A,T,3071,2806,264,0,1,60,60,0,60,39.67,39.79,0,41,0.913708889612504,0.085965483555845,0,0.000325626831650928,A,T,0.913708889612504,0.085965483555845,9.137089e-01,TRUE
2,166025380,rs536744,SCN1A,63_SCN1A,C,A,21147,3575,2,17569,1,60,60,60,60,40.26,27,40.42,41,0.169054712252329,9.45760627985057e-05,0.830803423653473,4.72880313992529e-05,C,A,0.830803423653473,0.169054712252329,8.308034e-01,TRUE
2,166027122,rs508585,SCN1A,64_SCN1A,C,T,1817,0,976,841,0,0,60,60,0,0,40.35,40.16,0,0,0.537149146945515,0.462850853054485,0,T,C,0.537149146945515,0.462850853054485,4.628509e-01,FALSE
2,166029210,rs1834840,SCN1A,65_SCN1A,G,A,6933,4724,1,0,2208,60,60,0,60,40.29,27,0,40.27,0.681378912447714,0.000144237703735757,0,0.31847684984855,A,G,0.681378912447714,0.31847684984855,3.184768e-01,FALSE
2,166029378,rs1834839,SCN1A,65_SCN1A,A,G,9817,3154,0,2,6660,60,0,50,60,40.32,0,22,40.47,0.321279413262708,0,0.000203728226545788,0.678414994397474,G,A,0.678414994397474,0.321279413262708,3.212794e-01,FALSE
2,166029602,rs7595154,SCN1A,65_SCN1A,G,T,5975,0,3853,0,2122,0,60,0,60,0,40.12,0,40.04,0,0.644853556485356,0,0.355146443514644,T,G,0.644853556485356,0.355146443514644,3.551464e-01,FALSE
2,166030005,rs2390321,SCN1A,65_SCN1A,C,T,7183,0,4641,2542,0,0,59.99,60,0,0,40.46,40.39,0,0,0.646108868160935,0.353891131839064,0,T,C,0.646108868160935,0.353891131839064,3.538911e-01,FALSE
2,166030165,rs2390322,SCN1A,66_SCN1A,C,T,3117,0,2010,1107,0,0,60,59.97,0,0,40.21,40.33,0,0,0.644850818094321,0.355149181905679,0,T,C,0.644850818094321,0.355149181905679,3.551492e-01,FALSE
2,166030309,rs1841547,SCN1A,66_SCN1A,C,T,3546,0,2311,1235,0,0,60,60,0,0,40.36,40.2,0,0,0.651720248166949,0.348279751833051,0,T,C,0.651720248166949,0.348279751833051,3.482798e-01,FALSE
2,166030406,rs11345139,SCN1A,66_SCN1A,C,-,2462,0,0,2460,0,0,0,59.99,0,0,0,40.33,0,0,0,0.999187652315191,0,C,NA,0.999187652315191,0,9.991877e-01,TRUE
2,166030416,rs7598539,SCN1A,66_SCN1A,C,G,2276,1,0,751,1524,60,0,60,60,41,0,40.32,40.4,0.000439367311072056,0,0.329964850615114,0.669595782073814,G,C,0.669595782073814,0.329964850615114,3.299649e-01,FALSE
2,166030773,rs2114760,SCN1A,66_SCN1A,C,A,1852,1195,0,656,1,60,0,60,60,39.86,0,40.37,22,0.64524838012959,0,0.354211663066955,0.000539956803455724,A,C,0.64524838012959,0.354211663066955,3.542117e-01,FALSE
2,166031726,rs4667861,SCN1A,67_SCN1A,C,T,251,0,11,240,0,0,60,60,0,0,41,40.36,0,0,0.0438247011952191,0.956175298804781,0,C,T,0.956175298804781,0.0438247011952191,9.561753e-01,TRUE
2,166031929,rs4667862,SCN1A,67_SCN1A,A,G,581,523,0,0,58,60,0,0,60,40.25,0,0,39.76,0.900172117039587,0,0,0.0998278829604131,A,G,0.900172117039587,0.0998278829604131,9.001721e-01,TRUE
2,166032258,rs5006656,SCN1A,67_SCN1A,C,T,391,0,45,346,0,0,58.36,60,0,0,39.62,39.29,0,0,0.115089514066496,0.884910485933504,0,C,T,0.884910485933504,0.115089514066496,8.849105e-01,TRUE
2,166032727,rs7606573,SCN1A,68_SCN1A,G,A,759,593,0,0,166,60,0,0,60,40.33,0,0,39.67,0.78129117259552,0,0,0.21870882740448,A,G,0.78129117259552,0.21870882740448,2.187088e-01,FALSE
2,166032966,rs7606888,SCN1A,68_SCN1A,G,A,1372,1052,0,0,320,60,0,0,60,40.43,0,0,40.25,0.766763848396501,0,0,0.233236151603499,A,G,0.766763848396501,0.233236151603499,2.332362e-01,FALSE
2,166033032,rs13398343,SCN1A,68_SCN1A,A,G,1510,633,0,0,877,60,0,0,60,40.43,0,0,40.43,0.419205298013245,0,0,0.580794701986755,G,A,0.580794701986755,0.419205298013245,4.192053e-01,FALSE
2,166033433,rs6432858,SCN1A,69_SCN1A,C,T,689,0,95,594,0,0,60,59.94,0,0,37.74,38.57,0,0,0.137880986937591,0.862119013062409,0,C,T,0.862119013062409,0.137880986937591,8.621190e-01,TRUE
2,166033469,rs11463642,SCN1A,69_SCN1A,T,-,623,0,620,3,0,0,59.92,60,0,0,38.48,34.67,0,0,0.995184590690209,0.00481540930979133,0,T,C,0.995184590690209,0.00481540930979133,9.951846e-01,TRUE
2,166033486,rs62179375,SCN1A,69_SCN1A,C,-,556,0,0,555,1,0,0,59.93,60,0,0,37.26,32,0,0,0.998201438848921,0.00179856115107914,C,G,0.998201438848921,0.00179856115107914,9.982014e-01,TRUE
2,166033763,rs7571204,SCN1A,69_SCN1A,T,C,237,0,192,45,0,0,60,60,0,0,40.5,39.78,0,0,0.810126582278481,0.189873417721519,0,T,C,0.810126582278481,0.189873417721519,8.101266e-01,TRUE
2,166033967,rs17792698,SCN1A,69_SCN1A,A,G,266,228,0,0,38,60,0,0,60,40.31,0,0,41,0.857142857142857,0,0,0.142857142857143,A,G,0.857142857142857,0.142857142857143,8.571429e-01,TRUE
2,166034101,rs13418651,SCN1A,69_SCN1A,A,G,256,213,0,0,43,60,0,0,60,39.23,0,0,39.79,0.83203125,0,0,0.16796875,A,G,0.83203125,0.16796875,8.320312e-01,TRUE
2,166037022,rs4667863,SCN1A,71_SCN1A,T,G,1743,0,194,0,1549,0,60,0,60,0,40.7,0,40.26,0,0.111302352266208,0,0.888697647733792,G,T,0.888697647733792,0.111302352266208,1.113024e-01,FALSE
2,166037124,rs10185007,SCN1A,71_SCN1A,G,A,2966,2346,0,0,620,60,0,0,60,40.34,0,0,40.05,0.790964261631827,0,0,0.209035738368173,A,G,0.790964261631827,0.209035738368173,2.090357e-01,FALSE
2,166037168,rs10197430,SCN1A,71_SCN1A,T,G,5009,0,4443,1,565,0,60,60,60,0,40.26,41,40.38,0,0.887003393890996,0.000199640646835696,0.112796965462168,T,G,0.887003393890996,0.112796965462168,8.870034e-01,TRUE
2,166037610,rs66463257,SCN1A,71_SCN1A,A,-,3970,3969,0,0,1,60,0,0,60,39.42,0,0,27,0.999748110831234,0,0,0.000251889168765743,A,G,0.999748110831234,0.000251889168765743,9.997481e-01,TRUE
2,166037720,rs2020318,SCN1A,72_SCN1A,T,C,5232,0,1199,4033,0,0,59.9,59.91,0,0,39.62,39.3,0,0,0.229166666666667,0.770833333333333,0,C,T,0.770833333333333,0.229166666666667,2.291667e-01,FALSE
2,166038371,rs6719077,SCN1A,74_SCN1A,T,C,5606,1,228,5377,0,60,59.82,59.98,0,22,37.59,37.88,0,0.000178380306814128,0.0406707099536211,0.959150909739565,0,C,T,0.959150909739565,0.0406707099536211,4.067071e-02,FALSE
2,166038527,rs11685081,SCN1A,73_SCN1A,G,A,11720,3836,0,0,7884,59.08,0,0,59.84,39.72,0,0,40.05,0.327303754266212,0,0,0.672696245733788,G,A,0.672696245733788,0.327303754266212,6.726962e-01,TRUE
2,166038556,rs6732655,SCN1A,73_SCN1A,A,T,12506,1221,11281,4,0,59.86,59.74,60,0,40.39,40.15,36.5,0,0.0976331360946746,0.902047017431633,0.000319846473692628,0,T,A,0.902047017431633,0.0976331360946746,9.763314e-02,FALSE
2,166038693,rs6732789,SCN1A,73_SCN1A,A,C,11192,1139,0,10053,0,60,0,60,0,40.42,0,40.21,0,0.101769120800572,0,0.898230879199428,0,C,A,0.898230879199428,0.101769120800572,1.017691e-01,FALSE
2,166038716,rs6719462,SCN1A,73_SCN1A,T,C,11261,0,1126,10135,0,0,60,59.99,0,0,40.26,40.14,0,0,0.0999911197939792,0.900008880206021,0,C,T,0.900008880206021,0.0999911197939792,9.999112e-02,FALSE
2,166038992,rs6761757,SCN1A,73_SCN1A,C,T,6014,0,4509,1505,0,0,60,60,0,0,40.55,40.45,0,0,0.749750581975391,0.250249418024609,0,T,C,0.749750581975391,0.250249418024609,2.502494e-01,FALSE
2,166039063,rs6719899,SCN1A,73_SCN1A,T,C,5278,0,1310,3968,0,0,60,60,0,0,40.11,40.18,0,0,0.248200075786283,0.751799924213717,0,C,T,0.751799924213717,0.248200075786283,2.482001e-01,FALSE
2,166039215,rs1019724,SCN1A,73_SCN1A,T,C,3254,0,653,2601,0,0,60,59.97,0,0,40.34,40.03,0,0,0.200676090964966,0.799323909035034,0,C,T,0.799323909035034,0.200676090964966,2.006761e-01,FALSE
2,166039309,rs10168027,SCN1A,73_SCN1A,A,G,4402,4039,0,0,363,60,0,0,60,40.41,0,0,40,0.91753748296229,0,0,0.0824625170377101,A,G,0.91753748296229,0.0824625170377101,9.175375e-01,TRUE
2,166039633,rs2126152,SCN1A,75_SCN1A,T,G,1414,0,0,0,1414,0,0,0,60,0,0,0,39.98,0,0,0,1,G,NA,1,0,0.000000e+00,FALSE
2,166039668,rs490317,SCN1A,75_SCN1A,C,-,1443,0,0,1443,0,0,0,60,0,0,0,40.01,0,0,0,1,0,C,NA,1,0,1.000000e+00,TRUE
2,166039777,rs6432859,SCN1A,75_SCN1A,T,G,1274,0,0,0,1272,0,0,0,60,0,0,0,39.95,0,0,0,0.998430141287284,G,NA,0.998430141287284,0,0.000000e+00,FALSE
2,166039852,rs1019722,SCN1A,75_SCN1A,G,A,1991,1991,0,0,0,59.99,0,0,0,40.35,0,0,0,1,0,0,0,A,NA,1,0,0.000000e+00,FALSE
2,166040120,rs1962843,SCN1A,75_SCN1A,A,G,3951,2,2,0,3947,52,43.5,0,58.1,41,22,0,39.44,0.000506200961781827,0.000506200961781827,0,0.998987598076436,G,NA,0.998987598076436,0.000506200961781827,5.062010e-04,FALSE
2,166040170,rs1962842,SCN1A,75_SCN1A,G,A,3658,3641,0,0,17,58.96,0,0,55.47,39.71,0,0,38.88,0.995352651722253,0,0,0.0046473482777474,A,G,0.995352651722253,0.0046473482777474,4.647348e-03,FALSE
2,166040707,rs1531380,SCN1A,76_SCN1A,T,-,428,0,428,0,0,0,60,0,0,0,40.46,0,0,0,1,0,0,T,NA,1,0,1.000000e+00,TRUE
2,166040716,rs1531379,SCN1A,76_SCN1A,A,-,453,453,0,0,0,60,0,0,0,40.27,0,0,0,1,0,0,0,A,NA,1,0,1.000000e+00,TRUE
2,166040738,rs1531378,SCN1A,76_SCN1A,A,-,421,421,0,0,0,60,0,0,0,40.28,0,0,0,1,0,0,0,A,NA,1,0,1.000000e+00,TRUE
2,166041354,rs6432860,SCN1A,76_SCN1A,A,G,2252,1078,0,0,1174,60,0,0,59.96,40.43,0,0,38.27,0.478685612788632,0,0,0.521314387211368,G,A,0.521314387211368,0.478685612788632,4.786856e-01,FALSE
2,166041507,rs10198801,SCN1A,77_SCN1A,G,T,562,2,560,0,0,60,59.8,0,0,22,37.68,0,0,0.00355871886120996,0.99644128113879,0,0,T,A,0.99644128113879,0.00355871886120996,0.000000e+00,FALSE
2,166041834,rs10198937,SCN1A,77_SCN1A,C,T,2035,0,2035,0,0,0,60,0,0,0,40.13,0,0,0,1,0,0,T,NA,1,0,0.000000e+00,FALSE
2,166042592,rs10167228,SCN1A,78_SCN1A,T,A,787,252,535,0,0,60,60,0,0,40.52,40.44,0,0,0.320203303684879,0.679796696315121,0,0,T,A,0.679796696315121,0.320203303684879,6.797967e-01,TRUE
2,166043368,rs7574618,SCN1A,78_SCN1A,G,A,1588,490,0,0,1098,60,0,0,60,40.09,0,0,40.28,0.308564231738035,0,0,0.691435768261965,G,A,0.691435768261965,0.308564231738035,6.914358e-01,TRUE
2,166044096,rs6753355,SCN1A,79_SCN1A,A,C,4515,1159,1,3355,0,60,60,60,0,40.37,41,40.15,0,0.256699889258029,0.000221483942414175,0.743078626799557,0,C,A,0.743078626799557,0.256699889258029,2.566999e-01,FALSE
2,166044540,rs62179377,SCN1A,79_SCN1A,T,-,3671,0,3671,0,0,0,60,0,0,0,40.03,0,0,0,1,0,0,T,NA,1,0,1.000000e+00,TRUE
2,166044554,rs1549588,SCN1A,79_SCN1A,G,A,3465,2570,0,0,895,60,0,0,60,40.39,0,0,40.19,0.741702741702742,0,0,0.258297258297258,A,G,0.741702741702742,0.258297258297258,2.582973e-01,FALSE
2,166045387,rs67636132,SCN1A,80_SCN1A,A,-,4856,4854,0,1,1,60,0,60,60,40.21,0,37,32,0.999588138385502,0,0.000205930807248764,0.000205930807248764,A,NA,0.999588138385502,0.000205930807248764,9.995881e-01,TRUE
2,166045593,rs992894,SCN1A,80_SCN1A,A,T,3076,18,3058,0,0,60,59.98,0,0,40.56,39.47,0,0,0.005851755526658,0.994148244473342,0,0,T,A,0.994148244473342,0.005851755526658,5.851756e-03,FALSE
2,166046935,rs7580482,SCN1A,81_SCN1A,T,C,4329,1,2634,1693,1,60,60,59.94,60,27,40.2,40.25,32,0.000231000231000231,0.608454608454608,0.391083391083391,0.000231000231000231,T,C,0.608454608454608,0.391083391083391,6.084546e-01,TRUE
2,166047246,rs13421166,SCN1A,81_SCN1A,C,A,8003,5789,2,2210,2,60,60,60,60,39.92,41,39.65,34,0.72335374234662,0.000249906285143071,0.276146445083094,0.000249906285143071,A,C,0.72335374234662,0.276146445083094,2.761464e-01,FALSE
2,166047552,rs11690962,SCN1A,81_SCN1A,G,T,6347,0,1660,0,4687,0,60,0,60,0,39.78,0,40.38,0,0.261540885457697,0,0.738459114542303,G,T,0.738459114542303,0.261540885457697,7.384591e-01,TRUE
2,166047836,rs1461193,SCN1A,82_SCN1A,G,A,3732,2719,0,2,1011,60,0,60,60,39.96,0,22,39.88,0.728563772775991,0,0.000535905680600214,0.270900321543408,A,G,0.728563772775991,0.270900321543408,2.709003e-01,FALSE
2,166048493,rs6432862,SCN1A,83_SCN1A,A,G,1192,691,0,0,501,59.98,0,0,59.97,40.61,0,0,40.53,0.579697986577181,0,0,0.420302013422819,A,G,0.579697986577181,0.420302013422819,5.796980e-01,TRUE
2,166048970,rs994399,SCN1A,83_SCN1A,G,A,1131,445,0,0,686,60,0,0,60,40.53,0,0,40.16,0.393457117595049,0,0,0.606542882404951,G,A,0.606542882404951,0.393457117595049,6.065429e-01,TRUE
2,166050272,rs4667865,SCN1A,84_SCN1A,C,T,93,0,93,0,0,0,60,0,0,0,40.44,0,0,0,1,0,0,T,NA,1,0,0.000000e+00,FALSE
2,166050545,rs11313339,SCN1A,84_SCN1A,A,-,556,555,0,0,0,60,0,0,0,40.08,0,0,0,0.998201438848921,0,0,0,A,NA,0.998201438848921,0,9.982014e-01,TRUE
2,166050834,rs1427652,SCN1A,84_SCN1A,A,G,383,0,0,0,383,0,0,0,60,0,0,0,39.43,0,0,0,1,G,NA,1,0,0.000000e+00,FALSE
2,166051461,rs6735104,SCN1A,85_SCN1A,C,-,112,0,0,112,0,0,0,60,0,0,0,39.74,0,0,0,1,0,C,NA,1,0,1.000000e+00,TRUE
2,166052559,rs28663047,SCN1A,86_SCN1A,T,C,1715,0,1290,425,0,0,60,60,0,0,38.77,39.7,0,0,0.752186588921283,0.247813411078717,0,T,C,0.752186588921283,0.247813411078717,7.521866e-01,TRUE
2,166053049,rs3812719,SCN1A,86_SCN1A,C,A,6926,4385,0,2540,1,59.93,0,59.99,60,40.42,0,40.22,22,0.63312157089229,0,0.36673404562518,0.000144383482529599,A,C,0.63312157089229,0.36673404562518,3.667340e-01,FALSE
2,166053241,rs2195144,SCN1A,250_SCN1A,T,C,3812,1,1267,2544,0,60,59.97,60,0,37,40.19,40.09,0,0.000262329485834208,0.332371458551941,0.667366211962225,0,C,T,0.667366211962225,0.332371458551941,3.323715e-01,FALSE
2,166053322,rs2859817,SCN1A,250_SCN1A,A,G,4878,1662,0,0,3214,60,0,0,59.99,40.08,0,0,40.21,0.340713407134071,0,0,0.658876588765888,G,A,0.658876588765888,0.340713407134071,3.407134e-01,FALSE
2,166054195,rs7602046,SCN1A,87_SCN1A,A,G,2760,1419,0,0,1341,60,0,0,60,40.37,0,0,40.34,0.514130434782609,0,0,0.485869565217391,A,G,0.514130434782609,0.485869565217391,5.141304e-01,TRUE
2,166054202,rs7589765,SCN1A,87_SCN1A,T,C,2944,1,1215,1728,0,60,60,60,0,37,40.46,40.16,0,0.000339673913043478,0.412703804347826,0.58695652173913,0,C,T,0.58695652173913,0.412703804347826,4.127038e-01,FALSE
2,166055076,rs1541783,SCN1A,88_SCN1A,T,-,337,0,337,0,0,0,60,0,0,0,40.28,0,0,0,1,0,0,T,NA,1,0,1.000000e+00,TRUE
2,166055432,rs922227,SCN1A,88_SCN1A,G,A,705,704,0,0,1,60,0,0,60,39.97,0,0,32,0.998581560283688,0,0,0.00141843971631206,A,G,0.998581560283688,0.00141843971631206,1.418440e-03,FALSE
2,166057264,rs7423423,SCN1A,89_SCN1A,G,A,1537,1537,0,0,0,60,0,0,0,40.05,0,0,0,1,0,0,0,A,NA,1,0,0.000000e+00,FALSE
2,166058825,rs10930201,SCN1A,90_SCN1A,C,A,868,659,0,209,0,60,0,60,0,40.6,0,40.26,0,0.759216589861751,0,0.240783410138249,0,A,C,0.759216589861751,0.240783410138249,2.407834e-01,FALSE
2,166059387,rs10188577,SCN1A,90_SCN1A,T,-,1907,0,1906,1,0,0,60,60,0,0,40.42,27,0,0,0.999475616151023,0.000524383848977452,0,T,C,0.999475616151023,0.000524383848977452,9.994756e-01,TRUE
2,166059533,rs4667867,SCN1A,90_SCN1A,A,G,1812,424,0,1,1387,60,0,60,59.99,40.46,0,22,40.28,0.233995584988962,0,0.000551876379690949,0.765452538631347,G,A,0.765452538631347,0.233995584988962,2.339956e-01,FALSE
2,166060307,rs62179390,SCN1A,91_SCN1A,C,T,9882,0,1027,8855,0,0,60,60,0,0,40.44,40.38,0,0,0.103926330702287,0.896073669297713,0,C,T,0.896073669297713,0.103926330702287,8.960737e-01,TRUE
2,166060309,rs1461202,SCN1A,91_SCN1A,A,G,9813,6885,0,1,2927,59.99,0,60,60,40.28,0,22,40.36,0.701620299602568,0,0.000101905635381637,0.29827779476205,A,G,0.701620299602568,0.29827779476205,7.016203e-01,TRUE
2,166060898,rs4667503,SCN1A,91_SCN1A,A,T,5782,2765,3015,1,1,59.97,59.93,60,60,39.92,39.25,41,32,0.478208232445521,0.521445866482186,0.000172950536146662,0.000172950536146662,T,A,0.521445866482186,0.478208232445521,4.782082e-01,FALSE
2,166064399,rs557222,SCN1A,92_SCN1A,G,A,506,506,0,0,0,60,0,0,0,40.39,0,0,0,1,0,0,0,A,NA,1,0,0.000000e+00,FALSE
2,166068772,rs9287864,SCN1A,93_SCN1A,A,G,2826,2450,0,0,376,60,0,0,60,40.23,0,0,40.11,0.866949752300071,0,0,0.133050247699929,A,G,0.866949752300071,0.133050247699929,8.669498e-01,TRUE
2,166085157,rs13393239,SCN1A,95_SCN1A,T,-,18357,0,18354,3,0,0,60,60,0,0,40.42,39.67,0,0,0.999836574603693,0.000163425396306586,0,T,C,0.999836574603693,0.000163425396306586,9.998366e-01,TRUE
2,166086767,rs11890028,SCN1A,96_SCN1A,T,G,10996,0,7489,0,3507,0,60,0,59.99,0,39.95,0,40.06,0,0.681065842124409,0,0.318934157875591,T,G,0.681065842124409,0.318934157875591,6.810658e-01,TRUE
2,166087494,rs11885663,SCN1A,96_SCN1A,C,T,19453,0,6398,13055,0,0,59.98,59.98,0,0,39.81,40.16,0,0,0.328895286074127,0.671104713925873,0,C,T,0.671104713925873,0.328895286074127,6.711047e-01,TRUE
2,166088707,rs11887412,SCN1A,97_SCN1A,G,-,1,0,0,0,1,0,0,0,60,0,0,0,41,0,0,0,1,G,NA,1,0,1.000000e+00,TRUE
2,166088857,rs13004083,SCN1A,97_SCN1A,A,-,1,1,0,0,0,60,0,0,0,41,0,0,0,1,0,0,0,A,NA,1,0,1.000000e+00,TRUE
2,166094000,rs580041,SCN1A,98_SCN1A,C,T,5998,0,758,5240,0,0,60,60,0,0,40.27,40.28,0,0,0.126375458486162,0.873624541513838,0,C,T,0.873624541513838,0.126375458486162,8.736245e-01,TRUE
2,166098486,rs489811,SCN1A,99_SCN1A,T,C,6169,0,5194,975,0,0,59.98,60,0,0,40.28,40.27,0,0,0.841951693953639,0.158048306046361,0,T,C,0.841951693953639,0.158048306046361,8.419517e-01,TRUE
2,166099080,rs573627,SCN1A,99_SCN1A,T,A,5534,862,4671,1,0,59.97,60,60,0,40.02,40.14,41,0,0.155764365739068,0.844054933140585,0.000180701120346946,0,T,A,0.844054933140585,0.155764365739068,8.440549e-01,TRUE
2,166104152,rs567096,SCN1A,100_SCN1A,A,G,2218,1999,0,0,219,60,0,0,60,40.26,0,0,40.22,0.901262398557259,0,0,0.0987376014427412,A,G,0.901262398557259,0.0987376014427412,9.012624e-01,TRUE
2,166108291,rs6731168,SCN1A,101_SCN1A,A,T,1876,1564,308,0,0,60,60,0,0,40.5,40.01,0,0,0.833688699360341,0.164179104477612,0,0,A,T,0.833688699360341,0.164179104477612,8.336887e-01,TRUE
2,166108948,rs6731869,SCN1A,101_SCN1A,A,G,2490,2083,0,0,407,59.98,0,0,60,40.28,0,0,40.33,0.836546184738956,0,0,0.163453815261044,A,G,0.836546184738956,0.163453815261044,8.365462e-01,TRUE
2,166111709,rs10930205,SCN1A,102_SCN1A,C,T,5620,0,497,5122,1,0,59.94,59.98,60,0,40.03,40,22,0,0.0884341637010676,0.911387900355872,0.000177935943060498,C,T,0.911387900355872,0.0884341637010676,9.113879e-01,TRUE
2,166112151,rs13388135,SCN1A,102_SCN1A,G,A,7064,663,0,0,6401,60,0,0,59.97,40.02,0,0,40.31,0.0938561721404303,0,0,0.90614382785957,G,A,0.90614382785957,0.0938561721404303,9.061438e-01,TRUE
2,166113285,rs10185842,SCN1A,103_SCN1A,T,G,2220,0,1636,0,584,0,60,0,60,0,39.25,0,39.5,0,0.736936936936937,0,0.263063063063063,T,G,0.736936936936937,0.263063063063063,7.369369e-01,TRUE
2,166116755,rs62177960,SCN1A,104_SCN1A,A,G,16,1,0,0,15,60,0,0,60,37,0,0,40.73,0.0625,0,0,0.9375,G,A,0.9375,0.0625,6.250000e-02,FALSE
2,166122240,rs7587026,SCN1A,105_SCN1A,C,A,872,154,0,718,0,60,0,60,0,39.87,0,40.33,0,0.176605504587156,0,0.823394495412844,0,C,A,0.823394495412844,0.176605504587156,8.233945e-01,TRUE
2,166124756,rs61390066,SCN1A,106_SCN1A,A,G,12735,7385,0,2,5348,60,0,60,59.99,40.5,0,41,40.56,0.579897919120534,0,0.000157047506870828,0.419945033372595,A,G,0.579897919120534,0.419945033372595,5.798979e-01,TRUE
2,166131067,rs201611885,SCN1A,107_SCN1A,T,-,672,0,672,0,0,0,60,0,0,0,40.3,0,0,0,1,0,0,T,NA,1,0,1.000000e+00,TRUE
2,166131068,rs5836087,SCN1A,107_SCN1A,T,-,671,0,658,0,0,0,60,0,0,0,40.35,0,0,0,0.980625931445604,0,0,T,NA,0.980625931445604,0,9.806259e-01,TRUE
2,166133537,rs1960242,SCN1A,108_SCN1A,G,T,1376,0,225,0,1151,0,60,0,60,0,40.08,0,40.19,0,0.163517441860465,0,0.836482558139535,G,T,0.836482558139535,0.163517441860465,8.364826e-01,TRUE
2,166134926,rs16851603,SCN1A,109_SCN1A,C,T,1989,0,433,1556,0,0,60,59.99,0,0,39.97,40.22,0,0,0.217697335344394,0.782302664655606,0,C,T,0.782302664655606,0.217697335344394,7.823027e-01,TRUE
2,166135289,rs3919196,SCN1A,109_SCN1A,C,T,1492,0,297,1195,0,0,60,60,0,0,39.99,39.56,0,0,0.199061662198391,0.800938337801609,0,C,T,0.800938337801609,0.199061662198391,8.009383e-01,TRUE
2,166136524,rs11896706,SCN1A,110_SCN1A,T,C,5704,0,4352,1352,0,0,60,60,0,0,40.31,40.26,0,0,0.762973352033661,0.237026647966339,0,T,C,0.762973352033661,0.237026647966339,7.629734e-01,TRUE
2,166139181,rs13384709,SCN1A,111_SCN1A,A,G,16770,12998,0,2,3770,59.96,0,60,59.96,40.36,0,22,40.2,0.775074537865236,0,0.000119260584376863,0.224806201550388,A,G,0.775074537865236,0.224806201550388,7.750745e-01,TRUE
2,166142257,rs6432877,SCN1A,112_SCN1A,C,G,5853,0,0,4136,1717,0,0,60,60,0,0,40.24,40.37,0,0,0.706646164360157,0.293353835639843,C,G,0.706646164360157,0.293353835639843,7.066462e-01,TRUE
2,166143321,rs13424755,SCN1A,113_SCN1A,C,G,8885,0,3,7451,1431,0,42.67,58.14,57.97,0,41,38.66,38.86,0,0.000337647720877884,0.838604389420371,0.161057962858751,C,G,0.838604389420371,0.161057962858751,8.386044e-01,TRUE
2,166144333,rs2212656,SCN1A,114_SCN1A,C,A,4337,866,0,3470,1,59.99,0,60,60,40.39,0,40.26,27,0.199677196218584,0,0.800092229651833,0.000230574129582661,C,A,0.800092229651833,0.199677196218584,8.000922e-01,TRUE
2,166152263,rs6432879,SCN1A,115_SCN1A,C,-,1689,0,0,1689,0,0,0,59.97,0,0,0,37.72,0,0,0,1,0,C,NA,1,0,1.000000e+00,TRUE
2,192983613,rs59979824,SZ108,291_SZ108,T,-,1293,0,1293,0,0,0,60,0,0,0,40.18,0,0,0,1,0,0,T,NA,1,0,1.000000e+00,TRUE
2,193119894,rs17662626,SZ108,292_SZ108,A,-,337,337,0,0,0,60,0,0,0,40.51,0,0,0,1,0,0,0,A,NA,1,0,1.000000e+00,TRUE
2,199299528,rs6704641,SZ108,294_SZ108,A,-,5557,5556,0,0,1,60,0,0,60,40.3,0,0,41,0.999820046787835,0,0,0.000179953212164837,A,G,0.999820046787835,0.000179953212164837,9.998200e-01,TRUE
2,224526578,rs11685299,SZ108,296_SZ108,T,-,760,1,754,4,0,60,56.33,59.75,0,27,35.73,25.75,0,0.00131578947368421,0.992105263157895,0.00526315789473684,0,T,C,0.992105263157895,0.00526315789473684,9.921053e-01,TRUE
2,232727790,rs6704768,SZ108,297_SZ108,C,-,1492,0,0,1492,0,0,0,60,0,0,0,40.27,0,0,0,1,0,C,NA,1,0,1.000000e+00,TRUE
2,232878398,rs778371,SZ108,298_SZ108,G,-,9033,1,1,1,9030,60,60,60,60,22,37,32,40.14,0.000110705192073508,0.000110705192073508,0.000110705192073508,0.99966788442378,G,NA,0.99966788442378,0.000110705192073508,9.996679e-01,TRUE
2,235886698,rs13025591,SZ108,299_SZ108,A,-,5973,5971,0,1,1,60,0,60,60,40.43,0,22,22,0.999665159886154,0,0.000167420056922819,0.000167420056922819,A,NA,0.999665159886154,0.000167420056922819,9.996652e-01,TRUE
2,57706920,rs13026414,Epilepsy,35_Epilepsy,C,T,4288,0,1100,3188,0,0,60,60,0,0,40.47,40.3,0,0,0.256529850746269,0.743470149253731,0,C,T,0.743470149253731,0.256529850746269,7.434701e-01,TRUE
2,57867738,rs2717068,Epilepsy,37_Epilepsy,A,C,1116,0,0,1116,0,0,0,60,0,0,0,40.23,0,0,0,1,0,C,NA,1,0,0.000000e+00,FALSE
20,49514498,rs7267348,SZ108,403_SZ108,G,-,16264,0,0,4,16260,0,0,60,60,0,0,22,40.28,0,0,0.000245941957697983,0.999754058042302,G,C,0.999754058042302,0.000245941957697983,9.997541e-01,TRUE
21,40645124,SNDHS369528,NCASD,233_NCASD,A,-,667,666,0,1,0,60,0,60,0,40.31,0,22,0,0.998500749625187,0,0.00149925037481259,0,A,C,0.998500749625187,0.00149925037481259,9.985007e-01,TRUE
21,40648044,SNDHS369530,NCASD,234_NCASD,A,-,1902,1901,0,0,0,59.99,0,0,0,40.35,0,0,0,0.999474237644585,0,0,0,A,NA,0.999474237644585,0,9.994742e-01,TRUE
21,40652544,SNDHS369531,NCASD,235_NCASD,C,-,384,0,0,384,0,0,0,60,0,0,0,39.62,0,0,0,1,0,C,NA,1,0,1.000000e+00,TRUE
21,40654484,SNDHS369532,NCASD,236_NCASD,G,-,13836,0,0,1,13835,0,0,60,60,0,0,22,40.22,0,0,7.22752240531946e-05,0.999927724775947,G,C,0.999927724775947,7.22752240531946e-05,9.999277e-01,TRUE
21,40654724,SNDHS369533,NCASD,236_NCASD,A,-,13747,13745,2,0,0,60,60,0,0,40.2,27,0,0,0.999854513712083,0.000145486287917364,0,0,A,T,0.999854513712083,0.000145486287917364,9.998545e-01,TRUE
21,40656464,SNDHS369534,NCASD,237_NCASD,C,-,10221,5,0,10215,1,60,0,60,60,25.8,0,37.73,27,0.000489188924762743,0,0.999412973290285,9.78377849525487e-05,C,A,0.999412973290285,0.000489188924762743,9.994130e-01,TRUE
21,40656864,SNDHS369535,NCASD,237_NCASD,T,-,7851,0,7850,1,0,0,60,60,0,0,40.53,22,0,0,0.99987262769074,0.000127372309259967,0,T,C,0.99987262769074,0.000127372309259967,9.998726e-01,TRUE
21,40657444,SNDHS369536,NCASD,238_NCASD,A,-,1817,1817,0,0,0,60,0,0,0,40.18,0,0,0,1,0,0,0,A,NA,1,0,1.000000e+00,TRUE
21,40657624,SNDHS369537,NCASD,238_NCASD,G,-,1994,0,0,0,1994,0,0,0,60,0,0,0,40.23,0,0,0,1,G,NA,1,0,1.000000e+00,TRUE
21,40657944,SNDHS369538,NCASD,238_NCASD,A,-,1080,1080,0,0,0,60,0,0,0,40.22,0,0,0,1,0,0,0,A,NA,1,0,1.000000e+00,TRUE
22,41191551,rs9607782,SZ108,404_SZ108,A,-,471,471,0,0,0,59.93,0,0,0,39.85,0,0,0,1,0,0,0,A,NA,1,0,1.000000e+00,TRUE
22,42207807,rs6002655,SZ108,405_SZ108,C,-,49,0,0,49,0,0,0,60,0,0,0,37.47,0,0,0,1,0,C,NA,1,0,1.000000e+00,TRUE
3,136569562,rs7432375,SZ108,310_SZ108,A,-,33,33,0,0,0,60,0,0,0,40.09,0,0,0,1,0,0,0,A,NA,1,0,1.000000e+00,TRUE
3,168143620,rs111577701,Epilepsy,116_Epilepsy,C,-,2781,0,0,2781,0,0,0,59.91,0,0,0,40.26,0,0,0,1,0,C,NA,1,0,1.000000e+00,TRUE
3,17817873,rs4330281,SZ108,301_SZ108,C,-,26644,0,0,26636,8,0,0,59.92,60,0,0,39.65,26.88,0,0,0.999699744783066,0.000300255216934394,C,G,0.999699744783066,0.000300255216934394,9.996997e-01,TRUE
3,180833425,rs1879248,SZ108,311_SZ108,A,-,1083,1073,6,0,4,60,60,0,60,38.66,22.83,0,22,0.990766389658356,0.00554016620498615,0,0.00369344413665743,A,T,0.990766389658356,0.00554016620498615,9.907664e-01,TRUE
3,181449796,rs9841616,SZ108,312_SZ108,A,-,6602,6598,1,2,1,60,60,60,60,40.13,22,24.5,41,0.999394122993032,0.000151469251741896,0.000302938503483793,0.000151469251741896,A,C,0.999394122993032,0.000302938503483793,9.993941e-01,TRUE
3,21677754,rs1490157,Epilepsy,28_Epilepsy,C,T,1068,0,457,611,0,0,60,60,0,0,39.91,39.24,0,0,0.427902621722846,0.572097378277154,0,C,T,0.572097378277154,0.427902621722846,5.720974e-01,TRUE
3,2506101,rs17194490,SZ108,300_SZ108,T,-,1089,1,1088,0,0,60,60,0,0,22,39.24,0,0,0.000918273645546373,0.999081726354454,0,0,T,A,0.999081726354454,0.000918273645546373,9.990817e-01,TRUE
3,36817091,rs75968099,SZ108,302_SZ108,A,-,4513,4513,0,0,0,60,0,0,0,40.05,0,0,0,1,0,0,0,A,NA,1,0,1.000000e+00,TRUE
3,36821488,rs4624519,SZ108,303_SZ108,T,-,11037,1,11033,2,1,60,60,60,60,22,40.08,39,32,9.06043308870164e-05,0.999637582676452,0.000181208661774033,9.06043308870164e-05,T,C,0.999637582676452,0.000181208661774033,9.996376e-01,TRUE
3,36822997,rs6550435,SZ108,304_SZ108,T,-,17333,0,17332,0,1,0,59.99,0,60,0,39.12,0,22,0,0.999942306582819,0,5.76934171810996e-05,T,G,0.999942306582819,5.76934171810996e-05,9.999423e-01,TRUE
3,52804385,rs4687552,SZ108,305_SZ108,G,-,15065,0,1,0,15064,0,60,0,60,0,22,0,40.11,0,6.63790242283438e-05,0,0.999933620975772,G,T,0.999933620975772,6.63790242283438e-05,9.999336e-01,TRUE
3,52811088,rs2535627,SZ108,306_SZ108,G,-,1124,0,0,0,1124,0,0,0,60,0,0,0,40.09,0,0,0,1,G,NA,1,0,1.000000e+00,TRUE
3,52821212,rs2239547,SZ108,307_SZ108,A,-,1594,1593,0,1,0,59.98,0,60,0,39.4,0,22,0,0.999372647427854,0,0.000627352572145546,0,A,C,0.999372647427854,0.000627352572145546,9.993726e-01,TRUE
3,62079094,rs11130874,SZ108,308_SZ108,C,-,4081,1,0,4080,0,60,0,60,0,41,0,40.22,0,0.000245037980887037,0,0.999754962019113,0,C,A,0.999754962019113,0.000245037980887037,9.997550e-01,TRUE
4,102225732,rs35518360,SZ108,314_SZ108,A,-,722,722,0,0,0,59.95,0,0,0,39.95,0,0,0,1,0,0,0,A,NA,1,0,1.000000e+00,TRUE
4,149804060,rs10030601,Epilepsy,46_Epilepsy,T,C,6522,0,5009,1513,0,0,60,60,0,0,39.99,40.14,0,0,0.768015946028826,0.231984053971174,0,T,C,0.768015946028826,0.231984053971174,7.680159e-01,TRUE
4,169705400,rs10520163,SZ108,315_SZ108,G,-,190,0,0,0,190,0,0,0,60,0,0,0,40.66,0,0,0,1,G,NA,1,0,1.000000e+00,TRUE
4,175087067,rs72698613,Epilepsy,117_Epilepsy,G,-,9179,1,0,0,9178,60,0,0,60,41,0,0,40.27,0.000108944329447652,0,0,0.999891055670552,G,A,0.999891055670552,0.000108944329447652,9.998911e-01,TRUE
4,175940149,rs1106568,SZ108,316_SZ108,A,-,1089,1088,0,1,0,60,0,60,0,40.27,0,32,0,0.999081726354454,0,0.000918273645546373,0,A,C,0.999081726354454,0.000918273645546373,9.990817e-01,TRUE
4,23421979,rs215411,SZ108,313_SZ108,T,-,1137,0,1137,0,0,0,60,0,0,0,40.09,0,0,0,1,0,0,T,NA,1,0,1.000000e+00,TRUE
4,46238270,rs535066,Epilepsy,33_Epilepsy,G,-,438,0,1,0,437,0,60,0,60,0,41,0,39.75,0,0.00228310502283105,0,0.997716894977169,G,T,0.997716894977169,0.00228310502283105,9.977169e-01,TRUE
4,61587491,rs2172802,Epilepsy,38_Epilepsy,A,G,3812,2107,0,1,1704,60,0,60,60,40.14,0,32,40.35,0.552728226652676,0,0.000262329485834208,0.44700944386149,A,G,0.552728226652676,0.44700944386149,5.527282e-01,TRUE
5,114932773,rs55670112,Epilepsy,43_Epilepsy,A,C,1157,1048,0,109,0,60,0,60,0,39.71,0,40.54,0,0.905790838375108,0,0.094209161624892,0,A,C,0.905790838375108,0.094209161624892,9.057908e-01,TRUE
5,14016701,SNDHS467541,NCASD,164_NCASD,G,-,7202,4,0,1,7197,60,0,60,60,41,0,22,40.31,0.000555401277422938,0,0.000138850319355735,0.999305748403221,G,A,0.999305748403221,0.000555401277422938,9.993057e-01,TRUE
5,14016921,SNDHS467542,NCASD,164_NCASD,C,-,7013,0,0,7013,0,0,0,60,0,0,0,40.31,0,0,0,1,0,C,NA,1,0,1.000000e+00,TRUE
5,14020181,SNDHS467544,NCASD,166_NCASD,C,-,2316,0,0,2316,0,0,0,60,0,0,0,40.26,0,0,0,1,0,C,NA,1,0,1.000000e+00,TRUE
5,14023401,SNDHS467545,NCASD,167_NCASD,A,-,11464,11462,0,1,1,60,0,60,60,40.14,0,27,22,0.999825540823447,0,8.72295882763433e-05,8.72295882763433e-05,A,NA,0.999825540823447,8.72295882763433e-05,9.998255e-01,TRUE
5,14023601,SNDHS467546,NCASD,167_NCASD,C,-,10861,1,2,10857,1,60,60,60,60,27,41,40.22,22,9.20725531718995e-05,0.000184145106343799,0.999631709787312,9.20725531718995e-05,C,T,0.999631709787312,0.000184145106343799,9.996317e-01,TRUE
5,14025841,SNDHS467547,NCASD,168_NCASD,T,-,7339,0,7336,3,0,0,60,60,0,0,40.12,25.33,0,0,0.999591224962529,0.000408775037471045,0,T,C,0.999591224962529,0.000408775037471045,9.995912e-01,TRUE
5,14030461,SNDHS467549,NCASD,170_NCASD,C,-,6947,0,1,6946,0,0,60,60,0,0,37,40.19,0,0,0.000143947027493882,0.999856052972506,0,C,T,0.999856052972506,0.000143947027493882,9.998561e-01,TRUE
5,14034241,SNDHS467550,NCASD,171_NCASD,G,-,181,0,0,0,181,0,0,0,60,0,0,0,39.73,0,0,0,1,G,NA,1,0,1.000000e+00,TRUE
5,14035261,SNDHS467551,NCASD,172_NCASD,G,-,15201,3,1,0,15197,60,60,0,60,31.67,41,0,40.13,0.000197355437142293,6.57851457140978e-05,0,0.999736859417144,G,A,0.999736859417144,0.000197355437142293,9.997369e-01,TRUE
5,14036141,SNDHS467552,NCASD,173_NCASD,C,-,3992,0,0,3992,0,0,0,60,0,0,0,40.42,0,0,0,1,0,C,NA,1,0,1.000000e+00,TRUE
5,14036341,SNDHS467553,NCASD,173_NCASD,G,-,2581,0,1,0,2580,0,60,0,60,0,41,0,40.27,0,0.000387446726075165,0,0.999612553273925,G,T,0.999612553273925,0.000387446726075165,9.996126e-01,TRUE
5,14037081,SNDHS467554,NCASD,174_NCASD,T,-,4472,0,4472,0,0,0,60,0,0,0,40.11,0,0,0,1,0,0,T,NA,1,0,1.000000e+00,TRUE
5,14041861,SNDHS467555,NCASD,175_NCASD,C,-,31779,0,0,31778,1,0,0,60,60,0,0,40.44,32,0,0,0.999968532678813,3.14673211869474e-05,C,G,0.999968532678813,3.14673211869474e-05,9.999685e-01,TRUE
5,14046641,SNDHS467556,NCASD,176_NCASD,C,-,19517,0,1,19516,0,0,60,60,0,0,41,40.27,0,0,5.12373827944869e-05,0.999948762617206,0,C,T,0.999948762617206,5.12373827944869e-05,9.999488e-01,TRUE
5,14047001,SNDHS467557,NCASD,176_NCASD,T,-,9939,0,9930,2,7,0,59.88,60,57.14,0,39.06,22,22,0,0.999094476305463,0.000201227487674816,0.000704296206861857,T,G,0.999094476305463,0.000704296206861857,9.990945e-01,TRUE
5,3276582,rs61670327,Epilepsy,23_Epilepsy,G,A,13655,5343,0,0,8312,59.99,0,0,60,40.27,0,0,40.33,0.391285243500549,0,0,0.608714756499451,G,A,0.608714756499451,0.391285243500549,6.087148e-01,TRUE
5,45364772,rs1501357,SZ108,317_SZ108,T,-,954,0,954,0,0,0,60,0,0,0,40.36,0,0,0,1,0,0,T,NA,1,0,1.000000e+00,TRUE
5,61302715,rs4391122,SZ108,319_SZ108,T,-,12244,0,12244,0,0,0,60,0,0,0,40.29,0,0,0,1,0,0,T,NA,1,0,1.000000e+00,TRUE
5,66856430,rs39861,Epilepsy,39_Epilepsy,A,G,15127,12314,1,1,2811,60,60,60,60,40.29,22,32,40.24,0.814041118529781,6.61069610629999e-05,6.61069610629999e-05,0.185826667548093,A,G,0.814041118529781,0.185826667548093,8.140411e-01,TRUE
5,89450513,rs16867576,SZ108,320_SZ108,G,-,787,0,0,0,787,0,0,0,60,0,0,0,40.11,0,0,0,1,G,NA,1,0,1.000000e+00,TRUE
6,52971097,rs492146,Epilepsy,34_Epilepsy,G,A,23920,6451,5,3,17460,59.91,60,60,59.93,38.04,23,22,37.07,0.269690635451505,0.000209030100334448,0.000125418060200669,0.729933110367893,G,A,0.729933110367893,0.269690635451505,7.299331e-01,TRUE
6,79855119,rs346291,Epilepsy,40_Epilepsy,C,T,7837,0,3833,4004,0,0,60,60,0,0,40.21,40.39,0,0,0.489090213091744,0.510909786908256,0,C,T,0.510909786908256,0.489090213091744,5.109098e-01,TRUE
6,96011774,rs117074560,SZ108,330_SZ108,T,-,458,0,458,0,0,0,60,0,0,0,39.78,0,0,0,1,0,0,T,NA,1,0,1.000000e+00,TRUE
7,105288616,rs6466055,SZ108,334_SZ108,A,-,1409,1409,0,0,0,59.98,0,0,0,40.31,0,0,0,1,0,0,0,A,NA,1,0,1.000000e+00,TRUE
7,110408835,rs211829,SZ108,335_SZ108,T,-,2127,0,2124,2,1,0,60,60,60,0,40.3,41,27,0,0.998589562764457,0.000940291490362012,0.000470145745181006,T,C,0.998589562764457,0.000940291490362012,9.985896e-01,TRUE
7,111258858,rs13240464,SZ108,336_SZ108,A,-,2818,2818,0,0,0,59.99,0,0,0,40.08,0,0,0,1,0,0,0,A,NA,1,0,1.000000e+00,TRUE
7,131327873,bvb4,NCASD,244_NCASD,G,-,5771,1,0,0,5770,60,0,0,59.98,22,0,0,40.19,0.000173280194073817,0,0,0.999826719805926,G,A,0.999826719805926,0.000173280194073817,9.998267e-01,TRUE
7,131882503,rs7801375,SZ108,337_SZ108,A,-,6949,6949,0,0,0,60,0,0,0,40.42,0,0,0,1,0,0,0,A,NA,1,0,1.000000e+00,TRUE
7,137390097,rs3735025,SZ108,338_SZ108,G,-,1761,0,0,0,1761,0,0,0,60,0,0,0,39.81,0,0,0,1,G,NA,1,0,1.000000e+00,TRUE
7,1977809,rs6461049,SZ108,331_SZ108,C,-,516,0,0,516,0,0,0,60,0,0,0,39.8,0,0,0,1,0,C,NA,1,0,1.000000e+00,TRUE
7,72286330,rs12699131,SZ108,332_SZ108,C,-,11689,1,0,11688,0,60,0,60,0,22,0,40.1,0,8.55505175806314e-05,0,0.999914449482419,0,C,A,0.999914449482419,8.55505175806314e-05,9.999144e-01,TRUE
7,86798309,rs12704290,SZ108,333_SZ108,G,-,15216,0,0,0,15214,0,0,0,59.96,0,0,0,40.29,0,0,0,0.999868559411146,G,NA,0.999868559411146,0,9.998686e-01,TRUE
8,110473531,rs36068923,SZ108,345_SZ108,A,-,1138,1138,0,0,0,60,0,0,0,40.15,0,0,0,1,0,0,0,A,NA,1,0,1.000000e+00,TRUE
8,142231571,rs4129585,SZ108,346_SZ108,C,-,20619,0,2,20616,1,0,60,59.99,60,0,31.5,40.16,22,0,9.69979145448373e-05,0.999854503128183,4.84989572724186e-05,C,T,0.999854503128183,9.69979145448373e-05,9.998545e-01,TRUE
8,27584609,rs73229090,SZ108,340_SZ108,G,-,5115,0,0,0,5115,0,0,0,60,0,0,0,40.26,0,0,0,1,G,NA,1,0,1.000000e+00,TRUE
8,4323321,rs10503253,SZ108,339_SZ108,T,-,3313,0,3313,0,0,0,60,0,0,0,40.26,0,0,0,1,0,0,T,NA,1,0,1.000000e+00,TRUE
8,59787909,rs6984242,SZ108,341_SZ108,A,-,603,603,0,0,0,60,0,0,0,40.11,0,0,0,1,0,0,0,A,NA,1,0,1.000000e+00,TRUE
8,88579853,rs11995572,SZ108,343_SZ108,G,-,914,0,0,0,914,0,0,0,53.66,0,0,0,40.06,0,0,0,1,G,NA,1,0,1.000000e+00,TRUE
8,88748081,rs7004633,SZ108,344_SZ108,T,-,1635,0,1635,0,0,0,60,0,0,0,40.03,0,0,0,1,0,0,T,NA,1,0,1.000000e+00,TRUE
9,10260263,rs2475335,Epilepsy,26_Epilepsy,C,T,8670,0,6940,1730,0,0,60,60,0,0,40.26,40.42,0,0,0.800461361014994,0.199538638985006,0,T,C,0.800461361014994,0.199538638985006,1.995386e-01,FALSE
9,10505224,rs72700966,Epilepsy,27_Epilepsy,C,T,8840,0,6164,2675,1,0,60,60,60,0,40.34,40.26,22,0,0.697285067873303,0.302601809954751,0.000113122171945701,T,C,0.697285067873303,0.302601809954751,3.026018e-01,FALSE
9,82125025,rs11139497,SZ108,347_SZ108,A,-,1570,1570,0,0,0,60,0,0,0,40.24,0,0,0,1,0,0,0,A,NA,1,0,1.000000e+00,TRUE
9,85315130,rs2841498,Epilepsy,41_Epilepsy,A,C,18425,10,2,18411,2,60,60,60,60,28.9,41,40.07,27,0.000542740841248304,0.000108548168249661,0.999240162822252,0.000108548168249661,C,A,0.999240162822252,0.000542740841248304,5.427408e-04,FALSE
X,21362147,rs1378559,SZ108,407_SZ108,T,-,2996,0,2996,0,0,0,60,0,0,0,39.51,0,0,0,1,0,0,T,NA,1,0,1.000000e+00,TRUE
X,6111491,rs12845396,SZ108,406_SZ108,C,-,1352,1,0,1351,0,60,0,60,0,32,0,39.87,0,0.000739644970414201,0,0.999260355029586,0,C,A,0.999260355029586,0.000739644970414201,9.992604e-01,TRUE
